clave,motivo,texto es,texto ja,texto de,texto ru,texto fr
app-menu-commands.buscar-actualizaciones-aura-studio,compartida con Windows,Buscar actualizaciones de Aura Studio...,Aura Studio のアップデートを確認…,Nach Aura-Studio-Updates suchen …,Проверить обновления Aura Studio…,Rechercher les mises à jour d’Aura Studio…
app-update-bar.baja-aura-studio-no-se-actualiza,compartida con Windows,"Baja %@. Aura Studio no se actualiza sola: cuando termine, ábrelo y arrastra la app a Aplicaciones.",%@ をダウンロードします。Aura Studio は自動では更新されません。完了したら開いて、アプリを「アプリケーション」にドラッグしてください。,Lädt %@ herunter. Aura Studio aktualisiert sich nicht selbst: Öffne es nach dem Download und zieh die App in „Programme“.,"Загружает %@. Aura Studio не обновляется сама: когда загрузка закончится, откройте файл и перетащите приложение в «Программы».","Télécharge %@. Aura Studio ne se met pas à jour tout seul : une fois le téléchargement terminé, ouvrez-le et faites glisser l’app dans Applications."
app-update-bar.instalador-todavia-no-esta-publicado-ese,texto de riesgo,El instalador todavía no está publicado en ese Release.,そのリリースにはインストーラーがまだ公開されていません。,Das Installationsprogramm ist in diesem Release noch nicht veröffentlicht.,Установщик в этой версии ещё не опубликован.,Le programme d’installation n’est pas encore publié dans cette version.
artists-view.eliminar,compartida con Windows,Eliminar,削除,Löschen,Удалить,Supprimer
await-bootloader-u-s-b-view.arranque-grabado,acción de riesgo,Arranque grabado,ブートローダーを書き込みました,Bootloader geschrieben,Загрузчик записан,Bootloader écrit
await-bootloader-u-s-b-view.bootloader-aura-ya-esta-tu-ipod,acción de riesgo,El bootloader de Aura ya está en tu iPod. Ahora falta copiar Aura al disco.,Aura のブートローダーが iPod に入りました。次は Aura をディスクにコピーします。,Der Aura-Bootloader ist jetzt auf deinem iPod. Als Nächstes muss Aura auf die Festplatte kopiert werden.,Загрузчик Aura уже на вашем iPod. Осталось скопировать Aura на диск.,Le bootloader d’Aura est maintenant sur votre iPod. Il reste à copier Aura sur le disque.
await-bootloader-u-s-b-view.disco-detectado-copiando-aura,acción de riesgo,Disco detectado -- copiando Aura...,ディスクを検出しました — Aura をコピーしています…,Festplatte erkannt – Aura wird kopiert …,Диск обнаружен — копирование Aura…,Disque détecté — copie d’Aura…
await-bootloader-u-s-b-view.esperando-que-ipod-reaparezca-como-disco,acción de riesgo,Esperando a que el iPod reaparezca como disco...,iPod がディスクとして再び現れるのを待っています…,"Warten, bis der iPod wieder als Festplatte erscheint …","Ожидание, пока iPod снова появится как диск…",En attente que l’iPod réapparaisse comme disque…
await-bootloader-u-s-b-view.ipod-aparecio-con-firmware-apple-arranqu,acción de riesgo,El iPod apareció con el firmware de Apple -- el arranque no se grabó,iPod は Apple のファームウェアで戻ってきました — ブートローダーは書き込まれていません,Der iPod ist mit Apples Firmware zurückgekommen – der Bootloader wurde nicht geschrieben,iPod вернулся с прошивкой Apple — загрузчик не был записан,L’iPod est revenu avec le firmware d’Apple — le bootloader n’a pas été écrit
await-bootloader-u-s-b-view.ipod-sigue-dfu-reinicialo-con-select,acción de riesgo,El iPod sigue en DFU. Reinícialo con SELECT + MENU.,iPod はまだ DFU モードです。SELECT + MENU で再起動してください。,Der iPod ist noch im DFU-Modus. Starte ihn mit SELECT + MENU neu.,iPod всё ещё в режиме DFU. Перезапустите его сочетанием SELECT + MENU.,L’iPod est toujours en DFU. Redémarrez-le avec SELECT + MENU.
await-bootloader-u-s-b-view.texto,acción de riesgo,%@,%@,%@,%@,%@
background-task-center-indicator.cancelar,compartida con Windows,Cancelar,キャンセル,Abbrechen,Отменить,Annuler
content-view.sincronizar-con-ipod,texto de riesgo,Sincronizar con el iPod,iPod と同期,Mit dem iPod synchronisieren,Синхронизировать с iPod,Synchroniser avec l’iPod
content-view.vuelve-leer-estado-ipod-tu-biblioteca,texto de riesgo,Vuelve a leer el estado del iPod y de tu biblioteca. No copia ni borra nada.,iPod とライブラリの状態を読み直します。コピーも削除もしません。,Liest den Zustand deines iPods und deiner Mediathek neu ein. Es wird nichts kopiert oder gelöscht.,Заново считывает состояние вашего iPod и медиатеки. Ничего не копирует и не удаляет.,Relit l’état de votre iPod et de votre bibliothèque. Ne copie ni ne supprime rien.
cover-contamination-sheet.quitar-imagenes,texto de riesgo,Quitar de Imágenes,「画像」から取り除く,Aus „Bilder“ entfernen,Убрать из «Изображений»,Retirer d’Images
detect-device-view.encontramos-con-firmware-original-apple,texto de riesgo,"Encontramos ""%@"", con el firmware original de Apple (no esta en FAT32 todavia). No hace falta que lo conviertas: haz clic en ""Ya lo conecte, continuar igual"" y Aura Studio lo formatea automaticamente en el paso de preparar el disco, mas adelante.",Apple 純正ファームウェアの「%@」が見つかりました（まだ FAT32 ではありません）。変換の必要はありません。「接続しました。このまま続ける」をクリックすれば、あとのディスク準備の段階で Aura Studio が自動的にフォーマットします。,"Wir haben „%@“ gefunden, mit Apples Original-Firmware (noch nicht auf FAT32). Du musst nichts umwandeln: Klick auf „Ist angeschlossen, trotzdem fortfahren“ und Aura Studio formatiert ihn später automatisch, beim Vorbereiten der Festplatte.","Мы нашли «%@» с оригинальной прошивкой Apple (пока не в FAT32). Преобразовывать ничего не нужно: нажмите «Подключил, всё равно продолжить», и Aura Studio отформатирует его автоматически позже, на шаге подготовки диска.","Nous avons trouvé « %@ », avec le firmware d’origine d’Apple (pas encore en FAT32). Inutile de le convertir : cliquez sur « Il est branché, continuer quand même » et Aura Studio le formatera automatiquement plus tard, à l’étape de préparation du disque."
detect-device-view.encontramos-tu-ipod-pero-su-disco,texto de riesgo,"Encontramos tu iPod, pero su disco no tiene un sistema de archivos legible (asi se ve en el modo bootloader, o si una instalacion quedo a medias). Haz clic en ""Ya lo conecte, continuar igual"" para prepararlo e instalar Aura.",iPod は見つかりましたが、ディスクに読み取れるファイルシステムがありません（ブートローダーモードのとき、またはインストールが途中で終わったときにこうなります）。「接続しました。このまま続ける」をクリックして、準備と Aura のインストールを行ってください。,"Wir haben deinen iPod gefunden, aber seine Festplatte hat kein lesbares Dateisystem (so sieht sie im Bootloader-Modus aus, oder wenn eine Installation abgebrochen wurde). Klick auf „Ist angeschlossen, trotzdem fortfahren“, um ihn vorzubereiten und Aura zu installieren.","Мы нашли ваш iPod, но на его диске нет читаемой файловой системы (так он выглядит в режиме загрузчика или если установка прервалась). Нажмите «Подключил, всё равно продолжить», чтобы подготовить его и установить Aura.","Nous avons trouvé votre iPod, mais son disque n’a pas de système de fichiers lisible (c’est l’aspect qu’il a en mode bootloader, ou si une installation s’est arrêtée en cours). Cliquez sur « Il est branché, continuer quand même » pour le préparer et installer Aura."
detect-device-view.tu-ipod-ya-esta-modo-dfu,texto de riesgo,Tu iPod ya esta en modo DFU.,iPod はすでに DFU モードです。,Dein iPod ist bereits im DFU-Modus.,Ваш iPod уже в режиме DFU.,Votre iPod est déjà en mode DFU.
device-activity-bar.archivo-s-listo-s-para-sincronizar,texto de riesgo,%lld archivo(s) listo(s) para sincronizar.,同期できるファイル: %lld 件。,%lld Datei(en) bereit zum Synchronisieren.,Файлов готово к синхронизации: %lld.,%lld fichier(s) prêt(s) à être synchronisé(s).
device-activity-bar.conecta-tu-ipod-para-sincronizar,texto de riesgo,Conecta tu iPod para sincronizar.,同期するには iPod を接続してください。,"Schließ deinen iPod an, um zu synchronisieren.","Подключите iPod, чтобы синхронизировать.",Branchez votre iPod pour synchroniser.
device-activity-bar.instala-aura-este-ipod-para-poder,texto de riesgo,Instala Aura en este iPod para poder sincronizar.,同期するには、この iPod に Aura をインストールしてください。,"Installiere Aura auf diesem iPod, um synchronisieren zu können.","Установите Aura на этот iPod, чтобы синхронизировать.",Installez Aura sur cet iPod pour pouvoir synchroniser.
device-activity-bar.sincronizando-archivo-s,texto de riesgo,Sincronizando %@ de %@ archivo(s)...,%@ / %@ 件のファイルを同期しています…,%@ von %@ Datei(en) werden synchronisiert …,Синхронизация %@ из %@ файлов…,Synchronisation de %@ sur %@ fichier(s)…
device-activity-bar.sincronizar,texto de riesgo,Sincronizar,同期,Synchronisieren,Синхронизировать,Synchroniser
device-activity-bar.todo-sincronizado,texto de riesgo,Todo sincronizado.,すべて同期済みです。,Alles ist synchron.,Всё синхронизировано.,Tout est synchronisé.
device-general-view.actualizacion-disponible,compartida con Windows,Actualización de %@%@ disponible,%@%@ のアップデートがあります,Update auf %@%@ verfügbar,Доступно обновление %@%@,Mise à jour %@%@ disponible
device-general-view.buscar-actualizaciones,compartida con Windows,Buscar actualizaciones de %@,%@ のアップデートを確認,Nach %@-Updates suchen,Проверить обновления %@,Rechercher les mises à jour de %@
device-general-view.disco-esta-vacio-instala-aura-desde,texto de riesgo,El disco esta vacio. Instala Aura desde la seccion Instalador para empezar a usarlo.,ディスクは空です。「インストーラ」セクションから Aura をインストールして始めてください。,"Die Festplatte ist leer. Installiere Aura im Bereich „Installation“, um loszulegen.","Диск пуст. Установите Aura в разделе «Установка», чтобы начать.",Le disque est vide. Installez Aura depuis la section Installation pour commencer.
device-general-view.eliminar-contenido,texto de riesgo,Eliminar contenido,コンテンツを削除,Inhalte löschen,Удалить содержимое,Supprimer le contenu
device-general-view.eliminar-todo,texto de riesgo,Eliminar todo,すべて削除,Alles löschen,Удалить всё,Tout supprimer
device-general-view.esta-accion-no-se-puede-deshacer,texto de riesgo,Esta acción no se puede deshacer -- los archivos borrados del iPod no se pueden recuperar. Tu biblioteca en esta Mac no se toca; puedes volver a sincronizar cuando quieras.,この操作は取り消せません。iPod から削除したファイルは復元できません。この Mac のライブラリはそのままなので、いつでも再び同期できます。,Das lässt sich nicht rückgängig machen – vom iPod gelöschte Dateien sind nicht wiederherstellbar. Deine Mediathek auf diesem Mac bleibt unangetastet; du kannst jederzeit wieder synchronisieren.,Это действие нельзя отменить — удалённые с iPod файлы не восстановить. Ваша медиатека на этом Mac не трогается; вы можете синхронизировать снова в любой момент.,Cette action est irréversible — les fichiers supprimés de l’iPod ne peuvent pas être récupérés. Votre bibliothèque sur ce Mac n’est pas touchée ; vous pouvez resynchroniser quand vous voulez.
device-general-view.esta-version-aura-studio-trae-mas,compartida con Windows,Esta versión de Aura Studio trae un %@ más nuevo que el instalado en tu iPod. Actualizar no borra tu música ni tus ajustes.,このバージョンの Aura Studio には、iPod に入っているものより新しい %@ が含まれています。アップデートしても音楽や設定は消えません。,Diese Version von Aura Studio bringt ein neueres %@ mit als das auf deinem iPod. Beim Aktualisieren gehen weder Musik noch Einstellungen verloren.,"В этой версии Aura Studio есть более новая %@, чем установленная на вашем iPod. Обновление не удаляет ни музыку, ни настройки.",Cette version d’Aura Studio contient un %@ plus récent que celui installé sur votre iPod. La mise à jour n’efface ni votre musique ni vos réglages.
device-general-view.este-ipod-tiene-rockbox-que-no,texto de riesgo,Este iPod tiene un Rockbox que no es Aura: la biblioteca de Aura Studio no aplica a esta instalacion. En la seccion Instalador puedes instalar Aura (sin flashear -- solo se reemplaza la carpeta .rockbox) o restaurar el firmware original.,この iPod には Aura ではない Rockbox が入っています。Aura Studio のライブラリはこのインストールには適用されません。「インストーラ」セクションで Aura をインストールする（フラッシュはせず .rockbox フォルダを置き換えるだけです）か、純正ファームウェアを復元できます。,"Auf diesem iPod läuft ein Rockbox, das nicht Aura ist: Die Aura-Studio-Mediathek gilt für diese Installation nicht. Im Bereich „Installation“ kannst du Aura installieren (ohne Flashen – es wird nur der Ordner .rockbox ersetzt) oder die Original-Firmware wiederherstellen.","На этом iPod установлен Rockbox, который не является Aura: медиатека Aura Studio к этой установке не относится. В разделе «Установка» можно установить Aura (без прошивки — заменяется только папка .rockbox) или восстановить оригинальную прошивку.","Cet iPod a un Rockbox qui n’est pas Aura : la bibliothèque d’Aura Studio ne s’applique pas à cette installation. Dans la section Installation, vous pouvez installer Aura (sans flasher — seul le dossier .rockbox est remplacé) ou restaurer le firmware d’origine."
device-general-view.hay-archivos-aura-disco-pero-no,texto de riesgo,"Hay archivos de Aura en el disco, pero no hay evidencia de que Aura arranque en este iPod: está corriendo el firmware de Apple y Aura nunca escribió su configuración aquí. Instala Aura desde la sección Instalador (flashea el arranque por DFU y vuelve a copiar los archivos) para activar la biblioteca. Si ya lo instalaste, enciende el iPod con Aura una vez y vuelve a conectarlo.",ディスクに Aura のファイルはありますが、この iPod で Aura が起動した形跡がありません。動いているのは Apple のファームウェアで、Aura はここに設定を書いたことがありません。「インストーラ」セクションから Aura をインストールしてください（DFU でブートローダーを書き込み、ファイルを再度コピーします）。すでにインストール済みの場合は、一度 Aura で iPod を起動してから接続し直してください。,"Auf der Festplatte liegen Aura-Dateien, aber es gibt keinen Hinweis darauf, dass Aura auf diesem iPod startet: Es läuft Apples Firmware, und Aura hat hier nie seine Einstellungen geschrieben. Installiere Aura im Bereich „Installation“ (dabei wird der Bootloader per DFU geflasht und die Dateien werden erneut kopiert), um die Mediathek zu aktivieren. Wenn du es schon installiert hast, starte den iPod einmal mit Aura und schließ ihn erneut an.","На диске есть файлы Aura, но нет признаков того, что Aura запускается на этом iPod: работает прошивка Apple, и Aura ни разу не записывала здесь свои настройки. Установите Aura в разделе «Установка» (загрузчик прошивается по DFU, файлы копируются заново), чтобы включить медиатеку. Если вы уже установили её, включите iPod с Aura один раз и подключите снова.","Il y a des fichiers Aura sur le disque, mais rien n’indique qu’Aura démarre sur cet iPod : c’est le firmware d’Apple qui tourne, et Aura n’a jamais écrit ses réglages ici. Installez Aura depuis la section Installation (le bootloader est flashé en DFU et les fichiers sont recopiés) pour activer la bibliothèque. Si vous l’avez déjà installé, allumez l’iPod avec Aura une fois puis rebranchez-le."
device-general-view.instalar-actualizacion,compartida con Windows,Instalar actualización de %@,%@ のアップデートをインストール,%@-Update installieren,Установить обновление %@,Installer la mise à jour de %@
device-general-view.mientras-tanto-puedes-ir-armando-bibliot,texto de riesgo,"Mientras tanto puedes ir armando la biblioteca en Musica, Video y Fotos: se sincroniza cuando conectes el dispositivo.",その間に「音楽」「ビデオ」「写真」でライブラリを作れます。デバイスを接続すると同期されます。,"In der Zwischenzeit kannst du deine Mediathek unter Musik, Video und Fotos aufbauen: Sie wird synchronisiert, sobald du das Gerät anschließt.","Тем временем вы можете собирать медиатеку в разделах «Музыка», «Видео» и «Фото»: она синхронизируется, как только вы подключите устройство.","En attendant, vous pouvez constituer votre bibliothèque dans Musique, Vidéo et Photos : elle se synchronise dès que vous branchez l’appareil."
device-general-view.musica-este-ipod-administra-firmware-ori,texto de riesgo,"La musica de este iPod la administra el firmware original de Apple -- se sincroniza con Finder (o la app Musica), no con Aura Studio. Si instalas Aura desde la seccion Instalador, la biblioteca de Aura Studio se activa.",この iPod の音楽は Apple 純正ファームウェアが管理しています。同期は Aura Studio ではなく Finder（またはミュージックアプリ）で行います。「インストーラ」セクションから Aura をインストールすると、Aura Studio のライブラリが有効になります。,"Die Musik auf diesem iPod verwaltet Apples Original-Firmware – sie wird mit dem Finder (oder der Musik-App) synchronisiert, nicht mit Aura Studio. Wenn du Aura im Bereich „Installation“ installierst, wird die Aura-Studio-Mediathek aktiv.","Музыкой на этом iPod управляет оригинальная прошивка Apple — она синхронизируется через Finder (или приложение «Музыка»), а не через Aura Studio. Если установить Aura в разделе «Установка», медиатека Aura Studio включится.","La musique de cet iPod est gérée par le firmware d’origine d’Apple — elle se synchronise avec le Finder (ou l’app Musique), pas avec Aura Studio. Si vous installez Aura depuis la section Installation, la bibliothèque d’Aura Studio s’active."
device-general-view.todavia-no-sincronizaste-este-ipod-con,texto de riesgo,Todavia no sincronizaste este iPod con Aura Studio.,この iPod はまだ Aura Studio と同期していません。,Du hast diesen iPod noch nicht mit Aura Studio synchronisiert.,Вы ещё не синхронизировали этот iPod с Aura Studio.,Vous n’avez pas encore synchronisé cet iPod avec Aura Studio.
device-general-view.tu-ipod-tiene-firmware-que-esta,compartida con Windows,"Tu iPod tiene %@, un firmware que esta versión de Aura Studio no trae embebido. Te avisa de sus actualizaciones pero no puede aplicarlas: descárgala de su repositorio e instálala como de costumbre. Tu biblioteca no se toca.",iPod には %@ が入っています。このバージョンの Aura Studio には同梱されていないファームウェアです。アップデートはお知らせできますが適用はできません。リポジトリからダウンロードして、いつもどおりインストールしてください。ライブラリはそのままです。,"Auf deinem iPod ist %@, eine Firmware, die diese Version von Aura Studio nicht mitbringt. Sie informiert dich über Updates, kann sie aber nicht einspielen: Lade sie aus ihrem Repository und installiere sie wie gewohnt. Deine Mediathek bleibt unangetastet.","На вашем iPod установлена %@ — прошивка, которой нет в этой версии Aura Studio. Она сообщает о её обновлениях, но не может их применить: скачайте её из репозитория и установите как обычно. Ваша медиатека не трогается.","Votre iPod a %@, un firmware que cette version d’Aura Studio n’embarque pas. Elle vous signale ses mises à jour mais ne peut pas les appliquer : téléchargez-la depuis son dépôt et installez-la comme d’habitude. Votre bibliothèque n’est pas touchée."
done-view.abrir-acceso-total-al-disco,acción de riesgo,Abrir Acceso total al disco,「フルディスクアクセス」を開く,„Festplattenvollzugriff“ öffnen,Открыть «Полный доступ к диску»,Ouvrir « Accès complet au disque »
done-view.detectamos-que-firmware-ya-habia-estado,acción de riesgo,"Detectamos que el firmware ya había estado instalado antes, así que solo actualizamos los archivos sin volver a grabar el arranque. Si al desconectar el cable tu iPod NO arranca con %@, el arranque se perdió desde la instalación anterior y hace falta grabarlo de nuevo por DFU.",ファームウェアが以前にインストールされていたことがわかったため、ブートローダーは書き直さずファイルだけを更新しました。ケーブルを外したあと iPod が %@ で起動しない場合は、その前のインストール以降にブートローダーが失われているので、DFU で書き直す必要があります。,"Wir haben festgestellt, dass die Firmware schon einmal installiert war, also haben wir nur die Dateien aktualisiert, ohne den Bootloader erneut zu schreiben. Wenn dein iPod nach dem Abziehen des Kabels NICHT mit %@ startet, ist der Bootloader seit der früheren Installation verloren gegangen und muss erneut per DFU geschrieben werden.","Мы обнаружили, что прошивка уже была установлена, поэтому обновили только файлы, не записывая загрузчик заново. Если после отключения кабеля ваш iPod НЕ запускается с %@, значит загрузчик был утерян с прошлой установки и его нужно записать снова по DFU.","Nous avons détecté que le firmware avait déjà été installé, nous avons donc seulement mis à jour les fichiers sans réécrire le bootloader. Si votre iPod ne démarre PAS avec %@ une fois le câble débranché, le bootloader a été perdu depuis cette installation précédente et doit être réécrit en DFU."
done-view.instalar-solo-este-firmware-ipod,acción de riesgo,Instalar solo este firmware en el iPod,このファームウェアだけを iPod にインストール,Nur diese Firmware auf dem iPod installieren,Установить на iPod только эту прошивку,Installer seulement ce firmware sur l’iPod
done-view.instalaste-modo-dual-boot,acción de riesgo,Instalaste en modo dual boot,デュアルブートモードでインストールしました,Du hast im Dual-Boot-Modus installiert,Вы установили в режиме двойной загрузки,Vous avez installé en mode dual boot
done-view.no-arranco-con-terminar-por-dfu,acción de riesgo,No arrancó con %@ -- terminar por DFU,%@ で起動しませんでした — DFU で仕上げる,Er ist nicht mit %@ gestartet – per DFU abschließen,Не запустился с %@ — завершить по DFU,Il n’a pas démarré avec %@ — terminer en DFU
done-view.para-volver-apple-cualquier-momento-mant,acción de riesgo,"Para volver a Apple en cualquier momento, mantén SELECT + MENU presionados unos 5 segundos al encender el iPod. Cualquier otra combinacion (o nada) arranca %@.",いつでも Apple に戻すには、iPod の電源を入れながら SELECT + MENU を約 5 秒間押し続けてください。それ以外の組み合わせ（または何も押さない場合）は %@ が起動します。,"Um jederzeit zu Apple zurückzukehren, halte beim Einschalten des iPods etwa 5 Sekunden SELECT + MENU gedrückt. Jede andere Kombination (oder keine) startet %@.","Чтобы в любой момент вернуться к Apple, удерживайте SELECT + MENU около 5 секунд при включении iPod. Любое другое сочетание (или ни одного) запускает %@.","Pour revenir à Apple à tout moment, maintenez SELECT + MENU environ 5 secondes en allumant l’iPod. Toute autre combinaison (ou aucune) démarre %@."
done-view.reintentar,compartida con Windows,Reintentar,再試行,Erneut versuchen,Повторить,Réessayer
done-view.reintentar-ya-prepare-ipod-con-itunes,acción de riesgo,Reintentar (ya preparé el iPod con iTunes),再試行（iTunes で iPod を準備済み）,Erneut versuchen (iPod ist schon mit iTunes vorbereitet),Повторить (iPod уже подготовлен в iTunes),Réessayer (j’ai déjà préparé l’iPod avec iTunes)
done-view.tu-ipod-sigue-mostrando-firmware-origina,acción de riesgo,¿Tu iPod sigue mostrando el firmware original?,iPod にまだ純正ファームウェアが表示されていますか？,Zeigt dein iPod immer noch die Original-Firmware?,Ваш iPod по-прежнему показывает оригинальную прошивку?,Votre iPod affiche-t-il toujours le firmware d’origine ?
enter-d-f-u-view.aura-studio-no-puede-detectar-modo,acción de riesgo,Aura Studio no puede detectar el modo DFU,Aura Studio が DFU モードを検出できません,Aura Studio kann den DFU-Modus nicht erkennen,Aura Studio не может обнаружить режим DFU,Aura Studio ne peut pas détecter le mode DFU
enter-d-f-u-view.entra-modo-dfu,acción de riesgo,Entra a modo DFU,DFU モードにする,In den DFU-Modus wechseln,Перейти в режим DFU,Passer en mode DFU
enter-d-f-u-view.esperando-modo-dfu,acción de riesgo,Esperando modo DFU...,DFU モードを待っています…,Warten auf den DFU-Modus …,Ожидание режима DFU…,En attente du mode DFU…
enter-d-f-u-view.modo-dfu-detectado,acción de riesgo,Modo DFU detectado,DFU モードを検出しました,DFU-Modus erkannt,Режим DFU обнаружен,Mode DFU détecté
enter-d-f-u-view.no-aparece-pausar-servicios-macos-que,acción de riesgo,¿No aparece? Pausar los servicios de macOS que pueden interferir,表示されませんか？ 干渉する可能性のある macOS のサービスを一時停止する,"Erscheint nicht? Die macOS-Dienste anhalten, die stören können","Не появляется? Приостановить службы macOS, которые могут мешать",Il n’apparaît pas ? Mettre en pause les services macOS qui peuvent interférer
enter-d-f-u-view.pedira-tu-contrasena-se-reactivan-solos,acción de riesgo,Pedirá tu contraseña. Se reactivan solos al terminar.,パスワードの入力を求められます。終了すると自動的に再開します。,Du wirst nach deinem Passwort gefragt. Danach starten sie von selbst wieder.,Потребуется ваш пароль. По завершении они включатся сами.,Votre mot de passe vous sera demandé. Ils se réactivent tout seuls à la fin.
extras-view.elige-cual-firmwares-instalables-usa-aur,texto de riesgo,"Elige cuál de los firmwares instalables usa Aura Studio la próxima vez que abras el Instalador. Todos son software libre (GPL v2), derivados de Rockbox, y comparten la misma biblioteca: tu música, fotos y videos se sincronizan igual con cualquiera.",次に「インストーラ」を開いたときに Aura Studio が使うファームウェアを選んでください。いずれも Rockbox から派生した自由ソフトウェア（GPL v2）で、同じライブラリを共有します。音楽・写真・ビデオはどれでも同じように同期されます。,"Wähl, welche der installierbaren Firmwares Aura Studio verwendet, wenn du das nächste Mal die Installation öffnest. Alle sind freie Software (GPL v2), von Rockbox abgeleitet, und teilen sich dieselbe Mediathek: Deine Musik, Fotos und Videos werden mit jeder davon gleich synchronisiert.","Выберите, какую из устанавливаемых прошивок Aura Studio будет использовать при следующем открытии раздела «Установка». Все они — свободное ПО (GPL v2), производные от Rockbox, и используют одну и ту же медиатеку: ваша музыка, фото и видео синхронизируются с любой из них одинаково.","Choisissez lequel des firmwares installables Aura Studio utilisera à la prochaine ouverture de l’Installation. Ce sont tous des logiciels libres (GPL v2), dérivés de Rockbox, et ils partagent la même bibliothèque : votre musique, vos photos et vos vidéos se synchronisent de la même façon avec chacun d’eux."
extras-view.instalar,texto de riesgo,Instalar %@,%@ をインストール,%@ installieren,Установить %@,Installer %@
extras-view.tu-ipod-tiene-instalar-lo-agrega,texto de riesgo,Tu iPod tiene %@. Instalar %@ lo agrega: %@ se guarda dormido con sus ajustes y podrás volver a él desde aquí sin volver a instalar nada.,iPod には %@ が入っています。%@ をインストールすると追加され、%@ は設定を保ったままスリープ状態で残ります。何も入れ直さずに、ここから戻せます。,"Auf deinem iPod ist %@. Wenn du %@ installierst, kommt es dazu: %@ bleibt mit seinen Einstellungen im Ruhezustand, und du kannst von hier aus dorthin zurückwechseln, ohne noch einmal etwas zu installieren.","На вашем iPod установлена %@. Установка %@ добавит её: %@ останется в спящем виде со своими настройками, и вы сможете вернуться к ней отсюда, ничего не устанавливая заново.",Votre iPod a %@. Installer %@ l’ajoute : %@ reste en veille avec ses réglages et vous pourrez y revenir d’ici sans rien réinstaller.
extras-view.ya-esta-instalado-tu-ipod-dormido,texto de riesgo,"%@ ya está instalado en tu iPod, dormido, con sus ajustes guardados. Cambiar toma un segundo (no descarga ni borra nada); después hay que reiniciar el iPod y la primera vez reconstruye su base de música.",%@ はすでに iPod にインストールされ、設定を保ったままスリープ状態です。切り替えは一瞬で終わり（ダウンロードも削除もしません）、そのあと iPod を再起動する必要があります。初回は音楽データベースを作り直します。,"%@ ist bereits auf deinem iPod installiert, im Ruhezustand und mit gespeicherten Einstellungen. Das Wechseln dauert eine Sekunde (es wird nichts geladen oder gelöscht); danach musst du den iPod neu starten, und beim ersten Mal baut er seine Musikdatenbank neu auf.","%@ уже установлена на вашем iPod, в спящем виде и с сохранёнными настройками. Переключение занимает секунду (ничего не загружается и не удаляется); после этого нужно перезапустить iPod, и в первый раз он заново соберёт свою музыкальную базу.","%@ est déjà installé sur votre iPod, en veille, avec ses réglages enregistrés. Basculer prend une seconde (rien n’est téléchargé ni effacé) ; ensuite il faut redémarrer l’iPod, et la première fois il reconstruit sa base musicale."
git-hub-token-settings-view.quitar,texto de riesgo,Quitar,削除,Entfernen,Убрать,Retirer
git-hub-token-settings-view.repositorios-firmwares-son-publicos-aura,texto de riesgo,"Los repositorios de los firmwares son públicos: Aura Studio ya avisa de versiones nuevas sin necesitar nada de esto. Un token de solo lectura solo eleva el límite de consultas a la API de GitHub (útil si compartes tu conexión con muchas otras consultas); instalar el firmware nunca depende de esto, porque viene incluido en la app.",ファームウェアのリポジトリは公開されています。これがなくても Aura Studio は新しいバージョンをお知らせします。読み取り専用のトークンは GitHub API のリクエスト上限を引き上げるだけです（多くのリクエストと回線を共有している場合に役立ちます）。ファームウェアのインストールがこれに依存することはありません。アプリに同梱されているからです。,"Die Firmware-Repositorys sind öffentlich: Aura Studio informiert dich auch ohne all das über neue Versionen. Ein Token mit Lesezugriff erhöht nur das Anfragelimit der GitHub-API (nützlich, wenn du deine Verbindung mit vielen anderen Anfragen teilst); das Installieren der Firmware hängt nie davon ab, weil sie in der App enthalten ist.","Репозитории прошивок открыты: Aura Studio и так сообщает о новых версиях без всего этого. Токен только для чтения лишь повышает лимит запросов к API GitHub (полезно, если вы делите соединение со множеством других запросов); установка прошивки от него никогда не зависит, потому что она входит в приложение.","Les dépôts des firmwares sont publics : Aura Studio vous signale déjà les nouvelles versions sans rien de tout cela. Un jeton en lecture seule ne fait qu’augmenter la limite de requêtes de l’API GitHub (utile si vous partagez votre connexion avec beaucoup d’autres requêtes) ; l’installation du firmware n’en dépend jamais, car il est inclus dans l’app."
installer-home-view.actualizar-arranque,acción de riesgo,Actualizar el arranque,ブートローダーを更新,Bootloader aktualisieren,Обновить загрузчик,Mettre à jour le bootloader
installer-home-view.firmware-instalar-se-elige-extras-firmwa,acción de riesgo,Firmware a instalar: %@ -- se elige en Extras › Firmware,インストールするファームウェア: %@ — その他 › ファームウェアで選べます,Zu installierende Firmware: %@ – auswählbar unter Extras › Firmware,Прошивка для установки: %@ — выбирается в разделе Дополнения › Прошивка,Firmware à installer : %@ — se choisit dans Extras › Firmware
installer-home-view.restaurar-ipod-original,acción de riesgo,Restaurar iPod original,純正の iPod に復元,Original-iPod wiederherstellen,Восстановить оригинальный iPod,Restaurer l’iPod d’origine
installer-wizard-view.cancelar-instalacion,acción de riesgo,Cancelar instalación,インストールをキャンセル,Installation abbrechen,Отменить установку,Annuler l’installation
installer-wizard-view.continuar,acción de riesgo,Continuar,続ける,Fortfahren,Продолжить,Continuer
installer-wizard-view.detener,acción de riesgo,Detener,停止,Stoppen,Остановить,Arrêter
installer-wizard-view.detener-proceso,acción de riesgo,¿Detener el proceso?,処理を停止しますか？,Vorgang stoppen?,Остановить процесс?,Arrêter le processus ?
installer-wizard-view.detener-proceso-mitad-puede-dejar-disco,acción de riesgo,"Detener el proceso a la mitad puede dejar el disco del iPod con errores. Si eso pasa, vuelve a correr el instalador para repararlo.",途中で停止すると、iPod のディスクにエラーが残ることがあります。その場合は、もう一度インストーラを実行すると修復できます。,"Ein Abbruch mittendrin kann die Festplatte des iPods fehlerhaft zurücklassen. Falls das passiert, starte das Installationsprogramm erneut, um sie zu reparieren.","Остановка на середине может оставить диск iPod с ошибками. Если это произойдёт, запустите установщик снова, чтобы его восстановить.","Arrêter en cours de route peut laisser le disque de l’iPod avec des erreurs. Si cela arrive, relancez le programme d’installation pour le réparer."
library-browsing-components.borrar-busqueda,texto de riesgo,Borrar búsqueda,検索をクリア,Suche löschen,Очистить поиск,Effacer la recherche
library-unavailable-view.crear-nueva,compartida con Windows,Crear una nueva,新規作成,Neue anlegen,Создать новую,En créer une
library-unavailable-view.elegir-otra-biblioteca,compartida con Windows,Elegir otra biblioteca...,別のライブラリを選択…,Andere Mediathek wählen …,Выбрать другую медиатеку…,Choisir une autre bibliothèque…
library-unavailable-view.instalador-extras-siguen-funcionando-sin,compartida con Windows,El Instalador y Extras siguen funcionando sin la biblioteca.,「インストーラ」と「その他」はライブラリがなくても使えます。,Installation und Extras funktionieren auch ohne Mediathek.,«Установка» и «Дополнения» работают и без медиатеки.,L’Installation et les Extras fonctionnent toujours sans la bibliothèque.
library-unavailable-view.no-se-perdio-nada-tu-catalogo,compartida con Windows,No se perdió nada: tu catálogo y tus archivos siguen en ese disco. Aura Studio no va a tocar nada hasta que vuelva a estar disponible.,何も失われていません。カタログもファイルもそのディスクに残っています。再び利用できるようになるまで、Aura Studio は何も触りません。,"Es ist nichts verloren: Dein Katalog und deine Dateien liegen weiterhin auf dieser Festplatte. Aura Studio rührt nichts an, bis sie wieder verfügbar ist.","Ничего не потеряно: ваш каталог и файлы остаются на этом диске. Aura Studio ничего не тронет, пока он снова не станет доступен.",Rien n’est perdu : votre catalogue et vos fichiers sont toujours sur ce disque. Aura Studio n’y touchera pas tant qu’il ne sera pas de nouveau disponible.
library-view-model.eliminar-copia-papelera,acción de riesgo,Se moverán %1$@ a la Papelera (%2$@). Puedes recuperarlos desde ahí.,%1$@ をゴミ箱に移動します（%2$@）。そこから元に戻せます。,%1$@ werden in den Papierkorb verschoben (%2$@). Von dort kannst du sie zurückholen.,%1$@ будут перемещены в Корзину (%2$@). Оттуда их можно восстановить.,%1$@ seront déplacés vers la Corbeille (%2$@). Vous pourrez les récupérer depuis là.
library-view-model.eliminar-referencia-uno,acción de riesgo,Se quitará de tu biblioteca de Aura. El archivo original se queda donde está.,Aura のライブラリから取り除かれます。元のファイルはそのままです。,"Es wird aus deiner Aura-Mediathek entfernt. Die Originaldatei bleibt, wo sie ist.",Он будет убран из вашей медиатеки Aura. Исходный файл останется на месте.,Il sera retiré de votre bibliothèque Aura. Le fichier d’origine reste où il est.
library-view-model.eliminar-referencia-varios,acción de riesgo,Se quitarán de tu biblioteca de Aura. Los archivos originales se quedan donde están.,Aura のライブラリから取り除かれます。元のファイルはそのままです。,"Sie werden aus deiner Aura-Mediathek entfernt. Die Originaldateien bleiben, wo sie sind.",Они будут убраны из вашей медиатеки Aura. Исходные файлы останутся на месте.,Ils seront retirés de votre bibliothèque Aura. Les fichiers d’origine restent où ils sont.
library-view-model.plural.convertidas,texto de riesgo,%lld canciones convertidas en copias,%lld 曲をコピーに変換しました,%lld Titel in Kopien umgewandelt,%lld трека превращены в копии,%lld morceaux convertis en copies
library-view-model.plural.eliminar-titulo,texto de riesgo,¿Eliminar %lld elementos?,%lld 件の項目を削除しますか？,%lld Objekte löschen?,Удалить %lld объекта?,Supprimer %lld éléments ?
licenses-view.aura-studio-es-gratuita-se-distribuye,texto de riesgo,"Aura Studio es gratuita y se distribuye sin fines comerciales. Trae embebidos, tal cual se publicaron y sin modificarlos, los firmwares instalables para iPod Classic 6G, todos software libre bajo la Licencia Pública General de GNU versión 2 (GPL v2). Cada uno es un derivado de Rockbox; su código fuente completo, la versión exacta incluida aquí y el registro de cambios respecto a Rockbox están en los enlaces de abajo, como exige la sección 3 de esa licencia.",Aura Studio は無料で、非商用で配布されています。iPod Classic 6G 用のインストール可能なファームウェアを、公開されたそのままの形で変更せずに同梱しています。いずれも GNU 一般公衆利用許諾契約書バージョン 2（GPL v2）のもとで公開された自由ソフトウェアです。各ファームウェアは Rockbox から派生しており、その完全なソースコード、ここに含まれる正確なバージョン、Rockbox からの変更点の記録は、同ライセンス第 3 条の要求どおり下記のリンクにあります。,"Aura Studio ist kostenlos und wird nicht kommerziell vertrieben. Es enthält, genau so veröffentlicht und unverändert, die installierbaren Firmwares für den iPod Classic 6G, allesamt freie Software unter der GNU General Public License Version 2 (GPL v2). Jede davon ist von Rockbox abgeleitet; ihr vollständiger Quellcode, die hier enthaltene Version und das Verzeichnis der Änderungen gegenüber Rockbox stehen in den Links unten, wie es Abschnitt 3 dieser Lizenz verlangt.","Aura Studio бесплатна и распространяется без коммерческих целей. В неё встроены — ровно в том виде, в каком были опубликованы, и без изменений — устанавливаемые прошивки для iPod Classic 6G, все они являются свободным ПО под GNU General Public License версии 2 (GPL v2). Каждая производна от Rockbox; её полный исходный код, точная включённая здесь версия и перечень изменений относительно Rockbox доступны по ссылкам ниже, как того требует раздел 3 этой лицензии.","Aura Studio est gratuit et distribué sans but commercial. Il embarque, tels qu’ils ont été publiés et sans modification, les firmwares installables pour l’iPod Classic 6G, tous des logiciels libres sous la Licence publique générale GNU version 2 (GPL v2). Chacun dérive de Rockbox ; son code source complet, la version exacte incluse ici et le relevé des modifications par rapport à Rockbox figurent dans les liens ci-dessous, comme l’exige la section 3 de cette licence."
licenses-view.todos-firmwares-su-bootloader-dual-boot,texto de riesgo,"Todos los firmwares, su bootloader dual-boot y la herramienta de flasheo mks5lboot derivan del proyecto Rockbox (GPL v2). Aura Studio no modifica ninguno de esos binarios.",すべてのファームウェア、そのデュアルブート用ブートローダー、書き込みツール mks5lboot は Rockbox プロジェクト（GPL v2）に由来します。Aura Studio はこれらのバイナリを一切変更していません。,"Alle Firmwares, ihr Dual-Boot-Bootloader und das Flash-Werkzeug mks5lboot stammen vom Rockbox-Projekt (GPL v2). Aura Studio verändert keine dieser Binärdateien.","Все прошивки, их загрузчик двойной загрузки и инструмент прошивки mks5lboot происходят из проекта Rockbox (GPL v2). Aura Studio не изменяет ни один из этих двоичных файлов.","Tous les firmwares, leur bootloader dual-boot et l’outil de flashage mks5lboot dérivent du projet Rockbox (GPL v2). Aura Studio ne modifie aucun de ces binaires."
media-info-view.nombre-destino-ipod-se-arma-con,texto de riesgo,El nombre de destino en el iPod se arma con estos tres campos -- cambiarlos y sincronizar de nuevo reagrupa el episodio en Movie Flow.,iPod 上のファイル名はこの 3 つの項目から作られます。変更して同期し直すと、Movie Flow でエピソードがまとめ直されます。,"Der Zielname auf dem iPod wird aus diesen drei Feldern gebildet – wenn du sie änderst und erneut synchronisierst, wird die Folge in Movie Flow neu gruppiert.","Имя файла на iPod складывается из этих трёх полей — если изменить их и синхронизировать снова, серия перегруппируется в Movie Flow.",Le nom de destination sur l’iPod se construit à partir de ces trois champs — les modifier puis resynchroniser regroupe l’épisode dans Movie Flow.
media-info-view.se-sincroniza-con-ipod-misma-calificacio,texto de riesgo,"Se sincroniza con el iPod: la misma calificación que se elige acá o en ""Ahora suena"" del aparato.",iPod と同期します。ここで付ける評価と、本体の「再生中」で付ける評価は同じものです。,"Wird mit dem iPod synchronisiert: dieselbe Bewertung, die du hier oder unter „Aktueller Titel“ am Gerät vergibst.","Синхронизируется с iPod: та же оценка, что вы ставите здесь или в разделе «Сейчас играет» на устройстве.",Se synchronise avec l’iPod : la même note que celle choisie ici ou dans « En cours de lecture » sur l’appareil.
media-info-view.titulo-artista-album-son-obligatorios-pa,texto de riesgo,"Título, artista y álbum son obligatorios para sincronizar.",同期にはタイトル、アーティスト、アルバムが必要です。,"Titel, Interpret und Album sind zum Synchronisieren erforderlich.","Название, исполнитель и альбом обязательны для синхронизации.","Le titre, l’artiste et l’album sont obligatoires pour synchroniser."
media-section-view.eliminar-caratula,texto de riesgo,Eliminar carátula,アートワークを削除,Cover löschen,Удалить обложку,Supprimer la pochette
media-section-view.este-archivo-cambio-ipod-fuera-aura,texto de riesgo,Este archivo cambió en el iPod fuera de Aura Studio. La próxima vez que sincronices podrás elegir si lo conservas o lo reemplazas con la versión de tu biblioteca.,このファイルは Aura Studio 以外で iPod 上で変更されました。次に同期するとき、そのまま残すかライブラリの内容で置き換えるかを選べます。,"Diese Datei hat sich auf dem iPod außerhalb von Aura Studio geändert. Beim nächsten Synchronisieren kannst du wählen, ob du sie behältst oder durch die Version aus deiner Mediathek ersetzt.","Этот файл изменился на iPod вне Aura Studio. При следующей синхронизации вы сможете выбрать, оставить его или заменить версией из вашей медиатеки.","Ce fichier a changé sur l’iPod en dehors d’Aura Studio. À la prochaine synchronisation, vous pourrez choisir de le conserver ou de le remplacer par la version de votre bibliothèque."
media-section-view.para-convertir-videos-al-formato-ipod,texto de riesgo,"Para convertir videos al formato del iPod hace falta ffmpeg. Instálalo con Homebrew (""brew install ffmpeg"") y vuelve a intentar.",ビデオを iPod の形式に変換するには ffmpeg が必要です。Homebrew でインストールして（「brew install ffmpeg」）、もう一度お試しください。,Zum Umwandeln von Videos in das iPod-Format wird ffmpeg gebraucht. Installier es mit Homebrew („brew install ffmpeg“) und versuch es erneut.,Для преобразования видео в формат iPod нужен ffmpeg. Установите его через Homebrew («brew install ffmpeg») и повторите.,Convertir des vidéos au format de l’iPod nécessite ffmpeg. Installez-le avec Homebrew (« brew install ffmpeg ») et réessayez.
media-section-view.quitar-favoritos,texto de riesgo,Quitar de favoritos,お気に入りから外す,Aus Favoriten entfernen,Убрать из избранного,Retirer des favoris
media-section-view.quitar-poster,texto de riesgo,Quitar póster,ポスターを外す,Poster entfernen,Убрать постер,Retirer l’affiche
media-section-view.se-quito-ipod-fuera-aura-studio,texto de riesgo,"Se quitó del iPod fuera de Aura Studio -- no se vuelve a copiar solo. Usa ""Sincronizar la selección"" en el menú contextual para volver a copiarlo.",Aura Studio 以外で iPod から削除されました。自動では再コピーされません。コンテキストメニューの「選択項目を同期」でコピーし直せます。,"Es wurde außerhalb von Aura Studio vom iPod entfernt – es wird nicht von selbst wieder kopiert. Nimm „Auswahl synchronisieren“ im Kontextmenü, um es zurückzukopieren.","Он был убран с iPod вне Aura Studio — сам он заново не скопируется. Используйте «Синхронизировать выбранное» в контекстном меню, чтобы скопировать его обратно.",Il a été retiré de l’iPod en dehors d’Aura Studio — il ne sera pas recopié tout seul. Utilisez « Synchroniser la sélection » dans le menu contextuel pour le recopier.
media-section-view.sincronizado,texto de riesgo,Sincronizado,同期済み,Synchronisiert,Синхронизирован,Synchronisé
media-section-view.sincronizar-seleccion,texto de riesgo,Sincronizar la selección,選択項目を同期,Auswahl synchronisieren,Синхронизировать выбранное,Synchroniser la sélection
music-settings-view.calidad-audio,compartida con Windows,Calidad de audio,オーディオ品質,Audioqualität,Качество звука,Qualité audio
music-settings-view.comprimir-mp3-buena-calidad,compartida con Windows,Comprimir a MP3 de buena calidad,高音質の MP3 に圧縮,In MP3 mit guter Qualität umwandeln,Сжимать в MP3 хорошего качества,Compresser en MP3 de bonne qualité
music-settings-view.mantener-formato-original-recomendado,acción de riesgo,Mantener formato original (recomendado),元の形式のまま（推奨）,Originalformat beibehalten (empfohlen),Сохранять исходный формат (рекомендуется),Conserver le format d’origine (recommandé)
music-settings-view.quitar-excepciones,texto de riesgo,Quitar «%@» de las excepciones,「%@」を例外から外す,„%@“ aus den Ausnahmen entfernen,Убрать «%@» из исключений,Retirer « %@ » des exceptions
orphans-button,compartida con Windows,Buscar huérfanos,孤立ファイルを探す,Verwaiste Dateien suchen,Найти потерянные файлы,Chercher les orphelins
orphans-clean-button,compartida con Windows,Limpiar archivos huérfanos,孤立ファイルを整理,Verwaiste Dateien aufräumen,Очистить потерянные файлы,Nettoyer les fichiers orphelins
orphans-confirm-message,compartida con Windows,"No están ligados a ningún elemento de tu biblioteca; borrarlos no afecta ninguna canción, foto ni video que tengas.",これらはライブラリのどの項目にも結び付いていません。削除しても、お持ちの曲・写真・ビデオには影響しません。,"Sie gehören zu keinem Objekt deiner Mediathek; sie zu löschen betrifft keinen Titel, kein Foto und kein Video, das du hast.","Они не связаны ни с одним объектом вашей медиатеки; их удаление не затронет ни один трек, фото или видео.","Ils ne sont liés à aucun élément de votre bibliothèque ; les supprimer n’affecte aucun morceau, photo ou vidéo que vous possédez."
orphans-detail,compartida con Windows,"Preparados y carátulas que ya no le pertenecen a ningún elemento de tu biblioteca — de elementos eliminados antes de esta versión, o de un reprocesamiento. No son tus archivos originales: son copias técnicas que Aura arma sola y puede volver a armar si hicieran falta.",ライブラリのどの項目にも属さなくなった準備済みファイルとアートワークです。このバージョンより前に削除された項目や、再処理の結果として残ったものです。元のファイルではありません。Aura が自分で作る技術的なコピーで、必要になればまた作れます。,"Vorbereitete Dateien und Cover, die zu keinem Objekt deiner Mediathek mehr gehören – von Objekten, die vor dieser Version gelöscht wurden, oder von einer erneuten Verarbeitung. Es sind nicht deine Originaldateien: Es sind technische Kopien, die Aura selbst anlegt und bei Bedarf neu anlegen kann.","Подготовленные файлы и обложки, которые больше не принадлежат ни одному объекту вашей медиатеки — от объектов, удалённых до этой версии, или после повторной обработки. Это не ваши исходные файлы: это технические копии, которые Aura создаёт сама и при необходимости создаст заново.","Fichiers préparés et pochettes qui n’appartiennent plus à aucun élément de votre bibliothèque — issus d’éléments supprimés avant cette version, ou d’un retraitement. Ce ne sont pas vos fichiers d’origine : ce sont des copies techniques qu’Aura crée seul et peut recréer si besoin."
orphans-none-found,compartida con Windows,No hay archivos huérfanos: no hace falta limpiar nada.,孤立ファイルはありません。整理するものはありません。,Es gibt keine verwaisten Dateien: Es ist nichts aufzuräumen.,Потерянных файлов нет: чистить нечего.,Il n’y a pas de fichiers orphelins : rien à nettoyer.
orphans-title,compartida con Windows,Archivos huérfanos,孤立ファイル,Verwaiste Dateien,Потерянные файлы,Fichiers orphelins
permissions-view.abrir-ajustes-sistema-privacidad-segurid,acción de riesgo,Abrir Ajustes del Sistema (Privacidad y Seguridad),システム設定（プライバシーとセキュリティ）を開く,Systemeinstellungen öffnen (Datenschutz & Sicherheit),Открыть Системные настройки («Конфиденциальность и безопасность»),Ouvrir Réglages Système (Confidentialité et sécurité)
permissions-view.permisos-necesarios,acción de riesgo,Permisos necesarios,必要な許可,Benötigte Berechtigungen,Необходимые разрешения,Autorisations nécessaires
photo-albums-view.eliminar-biblioteca,texto de riesgo,Eliminar de la biblioteca,ライブラリから削除,Aus der Mediathek löschen,Удалить из медиатеки,Supprimer de la bibliothèque
photo-albums-view.eliminar-fotos-biblioteca,texto de riesgo,Eliminar fotos de la biblioteca,写真をライブラリから削除,Fotos aus der Mediathek löschen,Удалить фото из медиатеки,Supprimer les photos de la bibliothèque
photo-albums-view.quitar-album,texto de riesgo,Quitar del álbum,アルバムから外す,Aus dem Album entfernen,Убрать из альбома,Retirer de l’album
photo-settings-view.calidad-imagen,acción de riesgo,Calidad de imagen,画質,Bildqualität,Качество изображения,Qualité d’image
photo-settings-view.optimizar-espacio-320px-recomendado,acción de riesgo,"Optimizar espacio (320px, recomendado)",容量を節約（320px、推奨）,"Platz sparen (320 px, empfohlen)","Экономить место (320 px, рекомендуется)","Économiser l’espace (320 px, recommandé)"
photo-settings-view.organizar-por-coleccion-biblioteca,acción de riesgo,Organizar por colección en la biblioteca,ライブラリでコレクションごとに整理,In der Mediathek nach Sammlung ordnen,Упорядочивать по коллекциям в медиатеке,Organiser par collection dans la bibliothèque
photo-settings-view.pantalla-ipod-es-320x240-foto-camara,acción de riesgo,"La pantalla del iPod es de 320x240 -- una foto de una cámara o teléfono actual pesa decenas de veces más de lo que esa pantalla puede mostrar. ""Optimizar espacio"" reduce cada foto a 320px de lado mayor, el ancho nativo de la pantalla. ""Versión HD"" la deja en 640px: se ve un poco más nítida al hacer zoom en el visor, a cambio de más espacio en el iPod. En ambos casos se guarda como JPEG comprimido, nunca la foto original completa.",iPod の画面は 320×240 です。今のカメラやスマートフォンの写真は、その画面が表示できる情報量の数十倍あります。「容量を節約」は各写真の長辺を 320px（画面の実寸幅）に縮小します。「HD 版」は 640px のままにします。ビューアで拡大したときに少し鮮明ですが、そのぶん iPod の容量を使います。どちらの場合も圧縮 JPEG として保存され、元の写真そのものが入ることはありません。,"Der Bildschirm des iPods hat 320 × 240 – ein Foto einer aktuellen Kamera oder eines Smartphones ist dutzendfach größer, als dieser Bildschirm zeigen kann. „Platz sparen“ verkleinert jedes Foto auf 320 px an der längeren Seite, die native Breite des Bildschirms. „HD-Version“ belässt es bei 640 px: beim Zoomen im Betrachter etwas schärfer, dafür mehr Platz auf dem iPod. In beiden Fällen wird es als komprimiertes JPEG gesichert, nie das vollständige Originalfoto.","Экран iPod — 320 × 240; фото с современной камеры или телефона в десятки раз больше того, что этот экран способен показать. «Экономить место» уменьшает каждое фото до 320 px по большей стороне — это родная ширина экрана. «HD-версия» оставляет 640 px: чуть чётче при увеличении в просмотрщике, но занимает больше места на iPod. В обоих случаях сохраняется сжатый JPEG, а не полное исходное фото.","L’écran de l’iPod fait 320 × 240 — une photo d’un appareil ou d’un téléphone actuel pèse des dizaines de fois plus que ce que cet écran peut afficher. « Économiser l’espace » réduit chaque photo à 320 px sur son côté le plus long, la largeur native de l’écran. « Version HD » la laisse à 640 px : un peu plus nette quand vous zoomez dans la visionneuse, en échange de plus d’espace sur l’iPod. Dans les deux cas, elle est enregistrée en JPEG compressé, jamais la photo d’origine complète."
photo-settings-view.separa-tus-fotos-colecciones-imagenes-fo,acción de riesgo,"Separa tus fotos en colecciones (Imágenes, Fotos e IA por defecto, editables abajo) para encontrarlas más fácil DENTRO de Aura Studio -- la colección se sugiere sola al importar, y se puede corregir a mano en Biblioteca → Fotos. Con este ajuste activo, cada colección es ademas una carpeta dentro de ""Imágenes"" en la carpeta local de la biblioteca (Finder). No cambia dónde quedan en el iPod: ahí siempre se copian juntas en ""Photos"", porque el visor del iPod todavía no navega por subcarpetas.",写真をコレクション（初期設定は「画像」「写真」「AI」。下で変更できます）に分け、Aura Studio の中で見つけやすくします。コレクションは読み込み時に自動で提案され、ライブラリ → 写真で手動で直せます。この設定が有効なとき、各コレクションはライブラリのローカルフォルダ（Finder）の「画像」内のフォルダにもなります。iPod 上の扱いは変わりません。iPod のビューアはまだサブフォルダをたどれないため、常に「Photos」にまとめてコピーされます。,"Teilt deine Fotos in Sammlungen auf (standardmäßig Bilder, Fotos und KI, unten änderbar), damit du sie INNERHALB von Aura Studio leichter findest – die Sammlung wird beim Import vorgeschlagen, und du kannst sie unter Mediathek → Fotos von Hand korrigieren. Ist das aktiv, ist jede Sammlung außerdem ein Ordner in „Bilder“ im lokalen Mediathek-Ordner (Finder). Auf dem iPod ändert das nichts: Dort landen sie immer gemeinsam in „Photos“, weil der Betrachter des iPods noch keine Unterordner durchsuchen kann.","Делит ваши фото на коллекции (по умолчанию «Изображения», «Фото» и «ИИ», их можно изменить ниже), чтобы их было проще находить ВНУТРИ Aura Studio — коллекция предлагается при импорте, и её можно исправить вручную в разделе Медиатека → Фото. Когда параметр включён, каждая коллекция также становится папкой внутри «Изображений» в локальной папке медиатеки (Finder). На iPod это ничего не меняет: там они всегда копируются вместе в «Photos», потому что просмотрщик iPod пока не умеет заходить в подпапки.","Répartit vos photos en collections (Images, Photos et IA par défaut, modifiables ci-dessous) pour les retrouver plus facilement DANS Aura Studio — la collection est suggérée à l’import, et vous pouvez la corriger à la main dans Bibliothèque → Photos. Avec ce réglage actif, chaque collection est aussi un dossier dans « Images » du dossier local de la bibliothèque (Finder). Cela ne change rien sur l’iPod : là, elles sont toujours copiées ensemble dans « Photos », car la visionneuse de l’iPod ne parcourt pas encore les sous-dossiers."
photo-settings-view.version-hd-640px,acción de riesgo,Versión HD (640px),HD 版（640px）,HD-Version (640 px),HD-версия (640 px),Version HD (640 px)
playlists-view.borrar-playlist,texto de riesgo,Borrar playlist,プレイリストを削除,Playlist löschen,Удалить плейлист,Supprimer la playlist
playlists-view.quitar-imagen,texto de riesgo,Quitar imagen,画像を外す,Bild entfernen,Убрать изображение,Retirer l’image
privileged-action-sheet.si-cancelas,acción de riesgo,Si cancelas:,キャンセルした場合:,Wenn du abbrichst:,Если вы отмените:,Si vous annulez :
restore-handoff-view.cerrar-aura-studio-abrir-finder,acción de riesgo,Cerrar Aura Studio y abrir Finder,Aura Studio を終了して Finder を開く,Aura Studio schließen und Finder öffnen,Закрыть Aura Studio и открыть Finder,Fermer Aura Studio et ouvrir le Finder
restore-handoff-view.continua-finder,acción de riesgo,Continua en Finder,Finder で続ける,Weiter im Finder,Продолжить в Finder,Continuer dans le Finder
restore-handoff-view.ipod-quedo-listo-se-quito-bootloader,acción de riesgo,"El iPod quedo listo: se quito el bootloader de Aura y el disco se preparo en el formato que Finder espera (Mac OS Plus con registro, mapa GUID).",iPod の準備ができました。Aura のブートローダーを取り除き、ディスクを Finder が想定する形式（Mac OS 拡張（ジャーナリング）、GUID パーティションマップ）で用意しました。,"Der iPod ist fertig: Der Aura-Bootloader wurde entfernt und die Festplatte in dem Format vorbereitet, das der Finder erwartet (Mac OS Extended, journaled, GUID-Partitionstabelle).","iPod готов: загрузчик Aura удалён, а диск подготовлен в формате, который ожидает Finder (Mac OS Extended с журналом, схема GUID).","L’iPod est prêt : le bootloader d’Aura a été retiré et le disque a été préparé au format attendu par le Finder (Mac OS étendu journalisé, table GUID)."
settings-page.migrar-biblioteca,compartida con Windows,Migrar biblioteca,ライブラリを移行,Mediathek migrieren,Мигрировать медиатеку,Migrer la bibliothèque
settings-page.migrar-version-anterior,compartida con Windows,Migrar de una versión anterior,以前のバージョンから移行,Von einer älteren Version migrieren,Миграция с предыдущей версии,Migrer depuis une version antérieure
settings-section-view.actualizaciones-aura-studio,compartida con Windows,Actualizaciones de Aura Studio,Aura Studio のアップデート,Aura-Studio-Updates,Обновления Aura Studio,Mises à jour d’Aura Studio
settings-section-view.aqui-vive-catalogo-tu-biblioteca-funcion,compartida con Windows,"Aquí vive el catálogo de tu biblioteca -- funciona aunque el iPod no esté conectado, y se sincroniza al conectarlo. Que además copie tus archivos aquí depende del ajuste de abajo.",ここにライブラリのカタログが置かれます。iPod がつながっていなくても使え、つないだときに同期します。ファイル自体もここにコピーするかどうかは、下の設定で決まります。,"Hier liegt der Katalog deiner Mediathek – er funktioniert auch, wenn der iPod nicht angeschlossen ist, und wird beim Anschließen synchronisiert. Ob deine Dateien zusätzlich hierher kopiert werden, hängt von der Einstellung unten ab.","Здесь хранится каталог вашей медиатеки — он работает, даже когда iPod не подключён, и синхронизируется при подключении. Копируются ли сюда ещё и ваши файлы, зависит от настройки ниже.","C’est ici que vit le catalogue de votre bibliothèque — il fonctionne même quand l’iPod n’est pas branché, et se synchronise dès que vous le branchez. Que vos fichiers y soient aussi copiés dépend du réglage ci-dessous."
settings-section-view.buscar-actualizaciones,compartida con Windows,Buscar actualizaciones,アップデートを確認,Nach Updates suchen,Проверить обновления,Rechercher les mises à jour
settings-section-view.carpetas-externas-que-arrastraste-aura-c,texto de riesgo,"Carpetas externas que arrastraste a Aura con ""Crear copias de los medios..."" apagado -- Aura no copia nada de ahí, solo las recuerda acá. Quitar una carpeta de esta lista no borra ni desvincula lo que ya importaste desde ella, solo deja de mostrarla.",「メディアを Aura ライブラリにコピー」をオフにしたまま Aura にドラッグした外部フォルダです。Aura はそこから何もコピーせず、ここに記憶しておくだけです。このリストからフォルダを外しても、すでに読み込んだものが削除されたりリンクが切れたりはしません。表示されなくなるだけです。,"Externe Ordner, die du mit ausgeschaltetem „Medien in die Aura-Mediathek kopieren“ in Aura gezogen hast – Aura kopiert von dort nichts, es merkt sie sich nur hier. Einen Ordner aus dieser Liste zu entfernen löscht nichts und trennt nichts, was du von dort schon importiert hast; er wird nur nicht mehr angezeigt.","Внешние папки, которые вы перетащили в Aura с выключенной настройкой «Копировать медиафайлы в медиатеку Aura» — Aura ничего оттуда не копирует, лишь запоминает их здесь. Удаление папки из этого списка не удаляет и не отвязывает то, что вы уже импортировали из неё, а лишь перестаёт её показывать.","Dossiers externes que vous avez glissés dans Aura avec « Copier les médias dans la bibliothèque Aura » désactivé — Aura n’en copie rien, il ne fait que s’en souvenir ici. Retirer un dossier de cette liste ne supprime ni ne délie ce que vous en avez déjà importé, cela cesse simplement de l’afficher."
settings-section-view.hoy-todas-versiones-publicadas-aura-stud,texto de riesgo,"Hoy todas las versiones publicadas de Aura Studio son beta, así que conviene dejarlo activado. Aura Studio nunca se actualiza sola: solo te avisa y te deja bajar el instalador.",現在、公開されている Aura Studio はすべてベータ版なので、オンのままにしておくことをおすすめします。Aura Studio が自分で更新することはありません。お知らせして、インストーラーをダウンロードできるようにするだけです。,"Derzeit ist jede veröffentlichte Version von Aura Studio eine Beta, deshalb lohnt es sich, das aktiviert zu lassen. Aura Studio aktualisiert sich nie selbst: Es informiert dich nur und lässt dich das Installationsprogramm laden.","Сейчас все опубликованные версии Aura Studio — бета, поэтому этот параметр лучше оставить включённым. Aura Studio никогда не обновляется сама: она лишь сообщает вам и даёт скачать установщик.","Aujourd’hui, toutes les versions publiées d’Aura Studio sont des bêtas, il vaut donc mieux laisser cette option activée. Aura Studio ne se met jamais à jour tout seul : il vous prévient et vous laisse télécharger le programme d’installation."
settings-section-view.version-instalada,texto de riesgo,Versión instalada: %@,インストール済みのバージョン: %@,Installierte Version: %@,Установленная версия: %@,Version installée : %@
settings.fetch-lyrics,texto de riesgo,Buscar letras sincronizadas,同期歌詞を検索,Synchrone Liedtexte laden,Загружать синхронизированные тексты,Récupérer les paroles synchronisées
settings.installer,texto de riesgo,Instalador,インストーラー,Installation,Установка,Installation
settings.language-machine-translated,compartida con Windows,"Traducción automática, aún sin revisar por hablantes nativos",機械翻訳です。ネイティブスピーカーによる確認はまだ行われていません,"Maschinelle Übersetzung, noch nicht von Muttersprachlern geprüft","Машинный перевод, ещё не проверенный носителями языка","Traduction automatique, pas encore relue par des locuteurs natifs"
settings.migrate-settings-detail,acción de riesgo,"Pone al día una biblioteca hecha con una versión anterior: escribe las etiquetas del catálogo en las copias, renombra los archivos preparados y limpia lo que ya no le pertenece a nadie. Puedes migrar aunque Aura no te haya avisado: hay un caso que solo se detecta al migrar, porque hay que abrir los archivos para verlo -- copias cuyas etiquetas no coinciden con lo que dice tu catálogo.",以前のバージョンで作られたライブラリを最新の状態にします。カタログのタグをコピーに書き込み、準備済みファイルの名前を変更し、どこにも属さなくなったものを整理します。Aura からの案内がなくても移行できます。移行のときにしか見つからない場合があるからです。ファイルを開かないと分からない、タグがカタログと食い違っているコピーです。,"Bringt eine mit einer älteren Version angelegte Mediathek auf den neuesten Stand: schreibt die Tags des Katalogs in die Kopien, benennt die vorbereiteten Dateien um und räumt auf, was zu nichts mehr gehört. Du kannst migrieren, auch wenn Aura dich nicht dazu aufgefordert hat: Ein Fall zeigt sich erst bei der Migration, weil dafür die Dateien geöffnet werden müssen – Kopien, deren Tags nicht zu dem passen, was dein Katalog sagt.","Приводит в порядок медиатеку, созданную предыдущей версией: записывает теги каталога в копии, переименовывает подготовленные файлы и убирает то, что больше никому не принадлежит. Мигрировать можно, даже если Aura вам этого не предлагала: один случай виден только во время миграции, потому что для этого нужно открыть файлы — копии, теги которых не совпадают с тем, что говорит ваш каталог.","Met à jour une bibliothèque créée avec une version antérieure : écrit les tags du catalogue dans les copies, renomme les fichiers préparés et nettoie ce qui n’appartient plus à rien. Vous pouvez migrer même si Aura ne vous l’a pas proposé : un cas n’apparaît qu’au moment de la migration, car il faut ouvrir les fichiers pour le voir — des copies dont les tags ne correspondent pas à ce que dit votre catalogue."
similar-items-view.aplica-solo-estos-cambios-artista-album,texto de riesgo,Aplica solo estos cambios de artista/álbum/título. No elimina nada.,アーティスト / アルバム / タイトルの変更だけを適用します。何も削除しません。,Wendet nur diese Änderungen an Interpret/Album/Titel an. Es wird nichts gelöscht.,Применяет только эти изменения исполнителя/альбома/названия. Ничего не удаляет.,N’applique que ces changements d’artiste/album/titre. Ne supprime rien.
similar-items-view.canciones-videos-o-fotos-que-parecen,texto de riesgo,"Canciones, videos o fotos que parecen estar dos veces en tu biblioteca, con distinta metadata o distinto formato.",メタデータや形式が違うだけで、ライブラリに二重に入っているように見える曲、ビデオ、写真です。,"Titel, Videos oder Fotos, die zweimal in deiner Mediathek zu sein scheinen, mit anderen Metadaten oder in einem anderen Format.","Треки, видео или фото, которые, похоже, есть в вашей медиатеке дважды — с разными метаданными или в разном формате.","Morceaux, vidéos ou photos qui semblent présents deux fois dans votre bibliothèque, avec des métadonnées ou un format différents."
similar-items-view.conservar-marcado-eliminar-resto,texto de riesgo,Conservar el marcado y eliminar el resto,印を付けたものを残し、ほかを削除,Das markierte behalten und den Rest löschen,Оставить отмеченный и удалить остальные,Conserver celui qui est marqué et supprimer le reste
similar-items-view.eliminar-solo-este,texto de riesgo,Eliminar solo este,これだけ削除,Nur dieses löschen,Удалить только этот,Supprimer seulement celui-ci
storage-change-only-affects-future,compartida con Windows,Cambiar este ajuste solo afecta lo que importes de ahora en adelante: lo que ya está en tu biblioteca se queda como está.,この設定を変更しても、影響するのはこれから読み込むものだけです。すでにライブラリにあるものはそのままです。,"Diese Änderung gilt nur für das, was du ab jetzt importierst: Was schon in deiner Mediathek ist, bleibt, wie es ist.","Изменение этой настройки влияет только на то, что вы импортируете дальше: то, что уже в медиатеке, остаётся как есть.",Modifier ce réglage n’affecte que ce que vous importerez désormais : ce qui est déjà dans votre bibliothèque reste tel quel.
storage-copy-explainer,compartida con Windows,"Copiar a la Biblioteca de Aura: Aura controla los archivos, edita sus etiquetas y los sincroniza directo; ocupa espacio en disco (una copia); puedes borrar tus originales después.",Aura ライブラリにコピー: Aura がファイルを管理し、タグを編集し、そのまま同期します。ディスク容量を使います（コピーが 1 つ）。元のファイルはあとで削除できます。,"In die Aura-Mediathek kopieren: Aura verwaltet die Dateien, bearbeitet ihre Tags und synchronisiert sie direkt; das braucht Speicherplatz (eine Kopie); deine Originale kannst du danach löschen.","Копировать в медиатеку Aura: Aura управляет файлами, правит их теги и синхронизирует напрямую; это занимает место на диске (одна копия); свои оригиналы потом можно удалить.","Copier dans la bibliothèque Aura : Aura gère les fichiers, modifie leurs tags et les synchronise directement ; cela occupe de l’espace disque (une copie) ; vous pouvez supprimer vos originaux ensuite."
storage-reference-explainer,compartida con Windows,"Referenciar en su lugar: no ocupa espacio extra ni toca tus archivos; Aura mantiene una versión preparada aparte (.preparados/), las ediciones viven solo en Aura y en el iPod, y si el disco original no está, esas canciones no se pueden sincronizar.",その場所のまま参照: 追加の容量を使わず、あなたのファイルにも触れません。Aura は準備済みのバージョンを別に保持し（.preparados/）、編集内容は Aura と iPod の中だけに存在します。元のディスクがない場合、それらの曲は同期できません。,"An Ort und Stelle referenzieren: kein zusätzlicher Speicherplatz, und deine Dateien werden nie angerührt; Aura hält eine vorbereitete Fassung separat (.preparados/), Änderungen leben nur in Aura und auf dem iPod, und wenn die ursprüngliche Festplatte fehlt, lassen sich diese Titel nicht synchronisieren.","Ссылаться на них на месте: не занимает лишнего места и не трогает ваши файлы; Aura хранит подготовленную версию отдельно (.preparados/), правки живут только в Aura и на iPod, а если исходный диск недоступен, эти треки синхронизировать не получится.","Les référencer sur place : aucun espace supplémentaire et vos fichiers ne sont jamais touchés ; Aura conserve une version préparée à part (.preparados/), les modifications ne vivent que dans Aura et sur l’iPod, et si le disque d’origine est absent, ces morceaux ne peuvent pas être synchronisés."
storage-section-title,compartida con Windows,Cómo guardar tu música,音楽の保存方法,Wie deine Musik gespeichert wird,Как хранить вашу музыку,Comment stocker votre musique
sync-sheets.antes-sincronizar,acción de riesgo,Antes de sincronizar,同期の前に,Vor dem Synchronisieren,Перед синхронизацией,Avant de synchroniser
sync-sheets.archivo-s-importado-s-revisalos-musica,acción de riesgo,%lld archivo(s) importado(s) -- revísalos en Música/Video/Fotos.,%lld 件のファイルを読み込みました。ミュージック / ビデオ / 写真で確認してください。,%lld Datei(en) importiert – sieh unter Musik/Video/Fotos nach.,"Импортировано файлов: %lld — посмотрите в разделах «Музыка», «Видео» и «Фото».",%lld fichier(s) importé(s) — regardez dans Musique/Vidéo/Photos.
sync-sheets.archivo-s-se-modificaron-ipod-fuera,acción de riesgo,%lld archivo(s) se modificaron en el iPod fuera de Aura Studio.,%lld 件のファイルが Aura Studio 以外で iPod 上で変更されました。,%lld Datei(en) haben sich auf dem iPod außerhalb von Aura Studio geändert.,Файлов изменено на iPod вне Aura Studio: %lld.,%lld fichier(s) ont été modifiés sur l’iPod en dehors d’Aura Studio.
sync-sheets.aura-studio-nunca-escribio-estos-archivo,acción de riesgo,Aura Studio nunca escribió estos archivos -- no forman parte de tu biblioteca. Puedes importarlos (se copian a tu Mac y pasan a ser parte de tu biblioteca) o eliminarlos del iPod.,これらのファイルは Aura Studio が書き込んだものではなく、ライブラリの一部でもありません。読み込む（Mac にコピーされ、ライブラリの一部になります）か、iPod から削除できます。,Aura Studio hat diese Dateien nie geschrieben – sie gehören nicht zu deiner Mediathek. Du kannst sie importieren (sie werden auf deinen Mac kopiert und Teil deiner Mediathek) oder vom iPod löschen.,Aura Studio никогда не записывала эти файлы — они не входят в вашу медиатеку. Их можно импортировать (они скопируются на ваш Mac и войдут в медиатеку) или удалить с iPod.,Aura Studio n’a jamais écrit ces fichiers — ils ne font pas partie de votre bibliothèque. Vous pouvez les importer (ils sont copiés sur votre Mac et rejoignent votre bibliothèque) ou les supprimer de l’iPod.
sync-sheets.conservar-ipod,acción de riesgo,Conservar los del iPod,iPod のものを残す,Die vom iPod behalten,"Оставить те, что на iPod",Conserver ceux de l’iPod
sync-sheets.contenido-solo-ipod,acción de riesgo,Contenido solo en el iPod,iPod にしかないコンテンツ,Inhalte nur auf dem iPod,Содержимое только на iPod,Contenu uniquement sur l’iPod
sync-sheets.eliminar-ipod,acción de riesgo,Eliminar del iPod,iPod から削除,Vom iPod löschen,Удалить с iPod,Supprimer de l’iPod
sync-sheets.esta-accion-no-se-puede-deshacer,acción de riesgo,Esta acción no se puede deshacer.,この操作は取り消せません。,Das lässt sich nicht rückgängig machen.,Это действие нельзя отменить.,Cette action est irréversible.
sync-sheets.importar-biblioteca,acción de riesgo,Importar a la biblioteca,ライブラリに読み込む,In die Mediathek importieren,Импортировать в медиатеку,Importer dans la bibliothèque
sync-sheets.quitar-ipod-elemento-s-que-ya,acción de riesgo,Quitar del iPod los %lld elemento(s) que ya no están en tu biblioteca,ライブラリにない %lld 件の項目を iPod から削除する,"Die %lld Objekt(e) vom iPod entfernen, die nicht mehr in deiner Mediathek sind","Убрать с iPod %lld объект(ов), которых больше нет в вашей медиатеке",Retirer de l’iPod les %lld élément(s) qui ne sont plus dans votre bibliothèque
sync-sheets.reemplazar-con-biblioteca,acción de riesgo,Reemplazar con la biblioteca,ライブラリのもので置き換える,Durch die aus der Mediathek ersetzen,"Заменить теми, что в медиатеке",Remplacer par ceux de la bibliothèque
sync-sheets.se-eliminaran-ipod-tu-biblioteca-mac,acción de riesgo,Se eliminarán del iPod. Tu biblioteca en la Mac no cambia.,iPod から削除されます。Mac のライブラリは変わりません。,Sie werden vom iPod gelöscht. Deine Mediathek auf dem Mac ändert sich nicht.,Они будут удалены с iPod. Ваша медиатека на Mac не изменится.,Ils seront supprimés de l’iPod. Votre bibliothèque sur le Mac ne change pas.
themes-view.construir-e-instalar,texto de riesgo,Construir e instalar,ビルドしてインストール,Erstellen und installieren,Собрать и установить,Construire et installer
themes-view.esto-borra-tema-ipod-si-estaba,texto de riesgo,"Esto borra el tema del iPod. Si estaba activo, Aura vuelve a ser el tema integrado.",テーマを iPod から削除します。使用中だった場合、Aura は内蔵テーマに戻ります。,"Damit wird das Thema vom iPod gelöscht. War es aktiv, ist Aura wieder das eingebaute Thema.","Это удалит тему с iPod. Если она была активной, Aura снова станет встроенной темой.","Cela supprime le thème de l’iPod. S’il était actif, Aura redevient le thème intégré."
themes-view.se-aplican-ipod-al-arrancar-tema,texto de riesgo,Se aplican en el iPod al arrancar. Un tema que no carga (formato incompatible o archivos faltantes) aparece atenuado -- el firmware nunca finge soportar lo que no tiene.,iPod の起動時に適用されます。読み込めないテーマ（対応していない形式やファイル不足）は淡く表示されます。ファームウェアは、備えていないものに対応しているふりをしません。,"Sie werden auf dem iPod beim Start angewendet. Ein Thema, das nicht lädt (inkompatibles Format oder fehlende Dateien), erscheint ausgegraut – die Firmware tut nie so, als könnte sie etwas, das sie nicht hat.","Они применяются на iPod при запуске. Тема, которая не загружается (несовместимый формат или недостающие файлы), показана серой — прошивка никогда не делает вид, что поддерживает то, чего у неё нет.",Ils s’appliquent sur l’iPod au démarrage. Un thème qui ne se charge pas (format incompatible ou fichiers manquants) apparaît grisé — le firmware ne fait jamais semblant de prendre en charge ce qu’il n’a pas.
video-settings-view.formato-video,acción de riesgo,Formato de video,ビデオの形式,Videoformat,Формат видео,Format vidéo
video-settings-view.organizar-por-categoria-biblioteca,acción de riesgo,Organizar por categoría en la biblioteca,ライブラリでカテゴリごとに整理,In der Mediathek nach Kategorie ordnen,Упорядочивать по категориям в медиатеке,Organiser par catégorie dans la bibliothèque
video-settings-view.separa-tus-videos-videos-series-pelicula,acción de riesgo,"Separa tus videos en Videos, Series y Películas para encontrarlos más fácil DENTRO de Aura Studio (la categoría se sugiere sola por duración al importar -- salvo ""Series"", que no tiene una heurística confiable y siempre se asigna a mano -- y se puede corregir en Biblioteca → Video). No cambia dónde quedan en el iPod: ahí siempre se copian juntos en ""Videos"", porque el reproductor del iPod todavía no navega por subcarpetas.",ビデオを「ビデオ」「シリーズ」「映画」に分け、Aura Studio の中で見つけやすくします（カテゴリは読み込み時に長さから提案されます。ただし「シリーズ」は信頼できる判定方法がないため、常に手動で指定します。ライブラリ → ビデオで直せます）。iPod 上での置き場所は変わりません。iPod のプレーヤーはまだサブフォルダをたどれないため、常にまとめて「Videos」にコピーされます。,"Teilt deine Videos in Videos, Serien und Filme auf, damit du sie INNERHALB von Aura Studio leichter findest (die Kategorie wird beim Import anhand der Länge vorgeschlagen – außer „Serien“, wofür es keine verlässliche Heuristik gibt und die immer von Hand vergeben wird – und du kannst sie unter Mediathek → Video korrigieren). Auf dem iPod ändert das nichts: Dort landen sie immer gemeinsam in „Videos“, weil der Player des iPods noch keine Unterordner durchsuchen kann.","Делит ваши видео на «Видео», «Сериалы» и «Фильмы», чтобы их было проще находить ВНУТРИ Aura Studio (категория предлагается по длительности при импорте — кроме «Сериалов», для которых нет надёжной эвристики и которые всегда задаются вручную, — и её можно исправить в разделе Медиатека → Видео). На iPod это ничего не меняет: там они всегда копируются вместе в «Videos», потому что плеер iPod пока не умеет заходить в подпапки.","Répartit vos vidéos en Vidéos, Séries et Films pour les retrouver plus facilement DANS Aura Studio (la catégorie est suggérée d’après la durée à l’import — sauf « Séries », qui n’a pas d’heuristique fiable et se choisit toujours à la main — et vous pouvez la corriger dans Bibliothèque → Vidéo). Cela ne change rien sur l’iPod : là, elles sont toujours copiées ensemble dans « Videos », car le lecteur de l’iPod ne parcourt pas encore les sous-dossiers."
video-settings-view.todo-video-se-convierte-320x240-mpeg,acción de riesgo,"Todo video se convierte a 320x240 MPEG-1/2 al sincronizar -- es el único formato que el iPod con Aura puede reproducir a velocidad completa (el chip de este iPod no puede decodificar H.264 ni formatos modernos). No es una preferencia: es una limitación real del hardware de 2007, así que aquí no hay nada que elegir.",すべてのビデオは同期時に 320×240 の MPEG-1/2 に変換されます。Aura を入れた iPod がフルスピードで再生できる唯一の形式です（この iPod のチップは H.264 や新しい形式をデコードできません）。好みの問題ではなく、2007 年のハードウェアの実際の制約なので、ここに選ぶものはありません。,"Jedes Video wird beim Synchronisieren in 320 × 240 MPEG-1/2 umgewandelt – das ist das einzige Format, das ein iPod mit Aura in voller Geschwindigkeit abspielen kann (der Chip dieses iPods kann H.264 und moderne Formate nicht dekodieren). Das ist keine Einstellungssache: Es ist eine echte Grenze der Hardware von 2007, also gibt es hier nichts zu wählen.","Любое видео при синхронизации преобразуется в 320 × 240 MPEG-1/2 — это единственный формат, который iPod с Aura воспроизводит на полной скорости (чип этого iPod не умеет декодировать H.264 и современные форматы). Это не вопрос предпочтений: это реальное ограничение железа 2007 года, поэтому здесь нечего выбирать.","Toute vidéo est convertie en 320 × 240 MPEG-1/2 à la synchronisation — c’est le seul format qu’un iPod avec Aura peut lire à pleine vitesse (la puce de cet iPod ne sait décoder ni le H.264 ni les formats modernes). Ce n’est pas une préférence : c’est une limite réelle du matériel de 2007, il n’y a donc rien à choisir ici."
welcome-view.entiendo-que-arranque-apple-se-borra,acción de riesgo,Entiendo que el arranque de Apple se borra,Apple のブートローダーが消去されることを理解しました,"Mir ist klar, dass Apples Bootloader gelöscht wird","Я понимаю, что загрузчик Apple будет удалён",Je comprends que le bootloader d’Apple sera effacé
welcome-view.firmware-original-apple-se-borra-arranqu,acción de riesgo,"El firmware original de Apple se borra del arranque del iPod. Una vez instalado, el iPod solo arranca %@; para volver a Apple hay que restaurarlo con iTunes/Finder desde cero. (El dual boot necesita un iPod en formato ""winpod"" -- restaurado desde Windows --, y un iPod restaurado desde Mac no lo es, asi que Aura Studio ya no lo ofrece.)",Apple の元のファームウェアは iPod のブートローダーから消去されます。インストール後、iPod は %@ だけを起動します。Apple に戻すには、iTunes / Finder で最初から復元する必要があります。（デュアルブートには「winpod」形式の iPod、つまり Windows から復元したものが必要です。Mac から復元した iPod はそれに当たらないため、Aura Studio ではもう提供していません。）,"Apples Original-Firmware wird aus dem Bootloader des iPods gelöscht. Nach der Installation startet der iPod nur noch %@; um zu Apple zurückzukehren, musst du ihn mit iTunes/Finder von Grund auf wiederherstellen. (Dual Boot braucht einen iPod im „winpod“-Format – von Windows wiederhergestellt –, und ein von einem Mac wiederhergestellter iPod ist das nicht, deshalb bietet Aura Studio es nicht mehr an.)","Оригинальная прошивка Apple удаляется из загрузчика iPod. После установки iPod запускается только с %@; чтобы вернуться к Apple, придётся восстановить его с нуля через iTunes/Finder. (Двойная загрузка требует iPod в формате «winpod» — восстановленного из Windows, — а iPod, восстановленный на Mac, таким не является, поэтому Aura Studio больше её не предлагает.)","Le firmware d’origine d’Apple est effacé du bootloader de l’iPod. Une fois installé, l’iPod ne démarre plus que sur %@ ; pour revenir à Apple, il faut le restaurer entièrement avec iTunes/Finder. (Le dual boot nécessite un iPod au format « winpod » — restauré depuis Windows — et un iPod restauré depuis un Mac ne l’est pas, c’est pourquoi Aura Studio ne le propose plus.)"
welcome-view.marca-casilla-arriba-para-continuar,acción de riesgo,Marca la casilla de arriba para continuar.,続けるには上のチェックボックスをオンにしてください。,"Kreuz oben das Kästchen an, um fortzufahren.","Отметьте флажок выше, чтобы продолжить.",Cochez la case ci-dessus pour continuer.
