id,ru
c001,Загрузчик отправлен. Ожидание подтверждения и перезапуска iPod…
c002,Продолжить
c003,Ваша музыка и ваши настройки не тронуты. При следующем включении iPod вы увидите новый экран запуска.
c004,Готово: загрузчик обновлён
c005,iPod должен оставаться подключённым по USB всё это время. Его диск не затрагивается: перезаписывается только загрузчик.
c006,"Я понимаю, что это перезапишет загрузчик iPod. Это не стирает его диск и не удаляет загрузчик Apple."
c007,Обновление загрузчика iPod…
c008,Обновление загрузчика {0}…
c009,Пароль администратора не запрашивается ни разу.
c010,"Это не обязательно. Новая прошивка так же работает с тем загрузчиком, который у вас уже есть; меняется только экран запуска."
c011,"На диске ничего не затрагивается. Ваша музыка, ваши фото, ваши плейлисты и ваши настройки остаются ровно такими, какие есть."
c012,Обновить загрузчик этого iPod
c013,"В этой версии загрузчик новее, чем на вашем iPod."
c014,"Мы не знаем, какой загрузчик стоит на вашем iPod: его установил другой компьютер или более ранняя версия приложения."
c015,Обновить загрузчик
c016,"Загрузчик — это программа, которая работает до прошивки, на отдельной от диска микросхеме. В этой версии он новый, с другим экраном запуска."
c017,"Режим DFU нужен потому, что эту микросхему нельзя записать никак иначе."
c018,{0} файл ({1}) отправится в Корзину.
c019.few,{0} файла ({1}) отправятся в Корзину.
c019.many,{0} файлов ({1}) отправятся в Корзину.
c020,{0} элемент удаляется из вашей медиатеки; его исходный файл не затрагивается.
c021.few,{0} элемента удаляются из вашей медиатеки; их исходные файлы не затрагиваются.
c021.many,{0} элементов удаляются из вашей медиатеки; их исходные файлы не затрагиваются.
c022,Удалить {0} элемент?
c023.few,Удалить {0} элемента?
c023.many,Удалить {0} элементов?
c024,Драйвер для режима DFU
c025,Драйвер Apple установлен. iPod в режиме DFU пока не виден.
c026,"Windows видит iPod, но не имеет для него драйвера. Установите «Устройства Apple» из Microsoft Store (или iTunes от Apple) и подключите его заново: Aura Studio нужен этот драйвер, чтобы общаться с iPod в режиме DFU."
c027,"Драйвер устройств Apple не найден. Установите «Устройства Apple» из Microsoft Store (или iTunes), прежде чем продолжать: без него Windows не может общаться с iPod в режиме DFU."
c028,"Windows распознаёт «{0}», и его драйвер работает."
c029,Не удалось узнать состояние драйвера.
c030,"На iPod уже идёт запись. Дождитесь её окончания, прежде чем начинать другую операцию."
c031,"Файлы прошивки не удалось проверить, поэтому ничего не устанавливается."
c032,Записано. Ожидание перезапуска iPod и его повторного появления…
c033,Начать
c034,Операция отменена.
c035,{0} файл записан на iPod.
c036.few,{0} файла записано на iPod.
c036.many,{0} файлов записано на iPod.
c037,Не удалось скопировать прошивку на iPod.
c038,Скопировать прошивку
c039,Копирование прошивки на iPod…
c040,"Внимательно проверьте эти данные. То, что последует дальше, стирает содержимое показанного здесь диска."
c041,"Подтвердите, что это ваш iPod"
c042,"Aura Studio распознала его при подключении. Хотите установить на него прошивку? Ничего не произойдёт, пока вы не выберете."
c043,Не сейчас
c044,"Да, установить"
c045,Ваш iPod в режиме DFU
c046,iPod обнаружен в режиме DFU.
c047,iPod обнаружен в режиме DFU (состояние {0}).
c048,Руководство по прошивке и восстановлению (репозиторий прошивки)
c049,https://github.com/Ricolinos/Aura-Firmware/blob/main/docs/guia-flasheo-restauracion.md
c050,"Нет прошивки, доступной для установки: папка артефактов не заполнена."
c051,"iPod в режиме DFU пока не виден. Повторите сочетание кнопок и выполните поиск снова. Не забывайте продолжать удерживать после того, как экран погаснет."
c052,"Драйвер Apple установлен, но Windows не видит ни одного устройства Apple. Если вы уже выполнили сочетание кнопок и экран iPod чёрный, он, скорее всего, в режиме DFU, а его USB-подключение сюда не доходит. На виртуальной машине проверьте, что iPod в режиме DFU перенаправлен в Windows: при переходе в DFU он меняет USB-идентификатор, и его может потребоваться разрешить заново."
c053,"Если ваш iPod играет музыку, остановите воспроизведение."
c054,Удерживайте SELECT + MENU одновременно.
c055,"Продолжайте удерживать обе кнопки около 12 секунд, до момента после того, как экран погаснет."
c056,Отпустите. Aura Studio определит режим DFU автоматически.
c057,"Если отпустить раньше примерно 12 секунд, iPod перезапустится обычным образом и НЕ войдёт в режим DFU. Погасший экран — не сигнал отпускать: продолжайте удерживать после этого."
c058,"Не удалось прочитать состояние iPod. Проверьте ниже, не отсутствует ли драйвер Apple."
c059,Ожидание режима DFU…
c060,"Прошивка установлена. Извлеките iPod из раздела Общее, прежде чем отключать его."
c061,Готово
c062,Проверить без записи
c063,Проверка завершена — диск не затронут
c064,"Проверка прошла хорошо: диск был повторно проверен с правами администратора, и план форматирования верен. Пока ничего не записано."
c065,Проверка подготовки диска…
c066,Теперь переведите iPod в режим DFU
c067,"Вот этот момент: диск готов, и дальше записывается загрузчик. iPod должен оставаться подключённым по USB всё это время."
c068,Не удалось продолжить
c069,"На этом iPod установлено {0}, а вы собираетесь установить {1}. {0} сохраняется целиком, со своими настройками, и вы можете вернуться к нему из раздела Дополнения когда захотите."
c070,Прошивка для установки
c071,Записать загрузчик
c072,"Я понимаю, что это заменяет исходный загрузчик Apple и что это нельзя отменить, не восстановив его."
c073,Не удалось записать загрузчик.
c074,"Не хватает вашего подтверждения перед записью загрузчика. Aura Studio ничего не записывает, пока вы не подтвердите."
c075,Запись загрузчика на iPod…
c076,"Я понимаю, что всё содержимое {0} будет стёрто."
c077,"Проверка выше ничего не затронула. То, что последует дальше, стирает всё содержимое диска, и это нельзя отменить. Убедитесь, что это нужный iPod, прежде чем продолжать."
c078,Вот этот шаг действительно стирает iPod
c079,"Не хватает вашего подтверждения перед стиранием iPod. Aura Studio ничего не форматирует, пока вы не подтвердите, с каким диском она будет работать."
c080,"Сначала нужно выполнить проверку подготовки диска. Она проверяет всё, ничего не записывая."
c081,Стереть и отформатировать {0}
c082,Форматирование диска iPod…
c083,"У iPod нет тома, который Windows может прочитать. Подготовьте диск, прежде чем копировать файлы."
c084,"Ни один iPod не подключён. Подключите его по USB и дождитесь, пока Windows его распознает."
c085,"Понятно, продолжить"
c086,"Чтобы подготовить диск iPod, Windows запросит у вас права администратора собственным окном. Aura Studio делает всё отсюда: вам никогда не придётся открывать консоль или набирать команду. Права запрашиваются только для двух конкретных вещей — отформатировать диск iPod и, во время записи загрузчика, приостановить службу Apple, которая может занять USB-порт. Каждое использование записывается в журнал приложения."
c087,Необходимые разрешения
c088,Подготовить диск
c089,Что сделала операция с повышенными правами
c090,iPod вышел из режима DFU. Теперь можно копировать прошивку.
c091,Начать заново
c092,"Aura Studio остановилась в целях безопасности, не тронув диск: {0}."
c093,Найти iPod в режиме DFU
c094,Поиск iPod в режиме DFU…
c095,"iPod всё ещё в режиме DFU, и установка не была подтверждена. Не отключайте его: выполните поиск снова."
c096,"Установите прошивку на ваш iPod, шаг за шагом"
c097,Установщик
c098,"Не удалось определить номер диска «{0}», поэтому ничего не затрагивается."
c099,"Aura Studio подготовит диск вашего iPod, запишет загрузчик и скопирует прошивку. Каждый шаг объясняется до того, как он выполняется, и ничего не затрагивается, пока вы не подтвердите."
c100,Установим прошивку на ваш iPod
c101,"Установка стирает всё, что есть на iPod, и заменяет его исходный загрузчик Apple. Если какая-то музыка есть только там, скопируйте её заранее."
c102,Удалён {0} потерянный файл.
c103.few,Удалено {0} потерянных файла.
c103.many,Удалено {0} потерянных файлов.
c104,Удалить {0} потерянный файл?
c105.few,Удалить {0} потерянных файла?
c105.many,Удалить {0} потерянных файлов?
c106,{0} потерянный файл ({1}).
c107.few,{0} потерянных файла ({1}).
c107.many,{0} потерянных файлов ({1}).
c108,Удалить
c109,Удалить
c110,Удалить
c111,Удалить альбом
c112,Удалить альбомы
c113,Удалить исполнителя
c114,Удалить исполнителей
c115,Удалить из медиатеки
c116,Удалить обложку
c117,Удалить эпизод
c118,Удалить эпизоды
c119,Удалить фото из медиатеки
c120,Удалить фильм
c121,Удалить фильмы
c122,Удалить сериал
c123,Удалить сериалы
c124,Убрать из альбома
c125,Убрать из избранного
c126,Убрать из избранного
c127,Убрать из избранного
c128,Убрать фото исполнителя
c129.few,Убрать фото исполнителей
c129.many,Убрать фото исполнителей
c130,Убрать постер
c131,Устройство изменилось с момента подтверждения. В целях безопасности ничего не было записано.
c132,"Устройство проверено: {0}, {1}, {2}"
c133,Подходит больше одного iPod. В целях безопасности не выбран ни один.
c134,iPod исчез. Ничего не было записано.
c135,Том iPod не подключён.
c136,Отмена
c137,{0} файл скопирован в медиатеку.
c138.few,{0} файла скопировано в медиатеку.
c138.many,{0} файлов скопировано в медиатеку.
c139,{0} не удалось скопировать.
c140.few,{0} не удалось скопировать.
c140.many,{0} не удалось скопировать.
c141,"{0} пропущен, потому что его файла нет; он остаётся в каталоге."
c142.few,"{0} пропущены, потому что их файлов нет; они остаются в каталоге."
c142.many,"{0} пропущены, потому что их файлов нет; они остаются в каталоге."
c143,Копирование {0} файла в медиатеку…
c144.few,Копирование {0} файлов в медиатеку…
c144.many,Копирование {0} файлов в медиатеку…
c145,{0} подготовленный файл использует старое имя
c146.few,{0} подготовленных файла используют старое имя
c146.many,{0} подготовленных файлов используют старое имя
c147,записаны теги {0} композиции
c148.few,записаны теги {0} композиций
c148.many,записаны теги {0} композиций
c149,"{0} элемент пока не сообщает, его файл — копия Aura или ваш"
c150.few,"{0} элемента пока не сообщают, их файлы — копии Aura или ваши"
c150.many,"{0} элементов пока не сообщают, их файлы — копии Aura или ваши"
c151,Качество звука
c152,Сжимать в MP3 хорошего качества
c153,Найти потерянные файлы
c154,Очистить потерянные файлы
c155,"Они не связаны ни с одним элементом вашей медиатеки; их удаление не затронет ни одной композиции, ни одного фото и ни одного видео из ваших."
c156,"Подготовленные файлы и обложки, которые больше не принадлежат ни одному элементу вашей медиатеки — от элементов, удалённых до этой версии, или от повторной обработки. Это не ваши исходные файлы: это технические копии, которые Aura делает сама и может сделать заново, если понадобится."
c157,Потерянных файлов нет: очищать нечего.
c158,Потерянные файлы
c159,Качество изображения
c160,Смена папки ничего не перемещает
c161,Папка медиатеки
c162,"Aura Studio начинает использовать новую папку и читает ту медиатеку, которая там есть (или начинает с пустой, если её нет). Ваша прежняя медиатека остаётся нетронутой там, где была, и вернётся, если вы снова выберете ту папку."
c163,"Внешние папки, которые вы перетащили при выключенном копировании. Aura ничего оттуда не копирует, она лишь их запоминает. Убрать одну из этого списка не удаляет и не отвязывает то, что вы уже оттуда импортировали: она просто перестаёт показываться."
c164,Копировать медиафайлы в папку медиатеки
c165,Сохранять исходный формат (рекомендуется)
c166,Перенести медиатеку
c167,Перенести из более ранней версии
c168,"Экономить место (320 px, рекомендуется)"
c169,HD-версия (640 px)
c170,WAV и AIFF преобразуются всегда
c171,Эта медиатека осталась от более ранней версии
c172,Перенести медиатеку
c173,{0} элемент убран из медиатеки.
c174.few,{0} элемента убраны из медиатеки.
c174.many,{0} элементов убраны из медиатеки.
c175,"Изменение этой настройки влияет только на то, что вы импортируете начиная с этого момента: то, что уже в вашей медиатеке, остаётся как есть."
c176,"Копировать в медиатеку Aura: Aura управляет файлами, правит их теги и синхронизирует напрямую; занимает место на диске (одна копия); свои оригиналы вы можете удалить потом."
c177,"Ссылаться на месте: не занимает лишнего места и не трогает ваши файлы; Aura держит подготовленную версию рядом (.preparados/), правки живут только в Aura и на iPod, а если исходного диска нет, эти композиции нельзя синхронизировать."
c178,Как хранить вашу музыку
