clave,tipo,archivo,linea,texto_original,texto_con_marcadores,tiene_interpolacion,nota
album-cover-picker.cancelar,ContentDialog,studio/windows/AuraStudio.App/Views/AlbumCoverPicker.cs,42,Cancelar,Cancelar,no,
album-cover-picker.cancelar-resto,ContentDialog,studio/windows/AuraStudio.App/Views/AlbumCoverPicker.cs,124,Cancelar el resto,Cancelar el resto,no,
album-cover-picker.omitir-este-album,ContentDialog,studio/windows/AuraStudio.App/Views/AlbumCoverPicker.cs,123,Omitir este álbum,Omitir este álbum,no,
album-cover-picker.usar-esta,ContentDialog,studio/windows/AuraStudio.App/Views/AlbumCoverPicker.cs,63,Usar esta,Usar esta,no,
album-cover-picker.usar-esta-2,ContentDialog,studio/windows/AuraStudio.App/Views/AlbumCoverPicker.cs,122,Usar esta,Usar esta,no,
album-cover-picker.usar-recomendada,ContentDialog,studio/windows/AuraStudio.App/Views/AlbumCoverPicker.cs,64,Usar recomendada,Usar recomendada,no,
app-strings.action-eject,AppStrings,studio/windows/AuraStudio.App/Resources/AppStrings.cs,248,Expulsar,Expulsar,no,
app-strings.action-open-in-explorer,AppStrings,studio/windows/AuraStudio.App/Resources/AppStrings.cs,247,Abrir en el Explorador,Abrir en el Explorador,no,
app-strings.action-refresh,AppStrings,studio/windows/AuraStudio.App/Resources/AppStrings.cs,244,Actualizar,Actualizar,no,
app-strings.action-refresh-help,AppStrings,studio/windows/AuraStudio.App/Resources/AppStrings.cs,246,Vuelve a leer el estado del iPod y de tu biblioteca. No copia ni borra nada.,Vuelve a leer el estado del iPod y de tu biblioteca. No copia ni borra nada.,no,
app-strings.app-name,AppStrings,studio/windows/AuraStudio.App/Resources/AppStrings.cs,37,Aura Studio,Aura Studio,no,
app-strings.bootloader-update-awaiting-reboot,AppStrings,studio/windows/AuraStudio.App/Resources/AppStrings.cs,550,Arranque enviado. Esperando a que el iPod confirme y reinicie…,Arranque enviado. Esperando a que el iPod confirme y reinicie…,no,
app-strings.bootloader-update-continue,AppStrings,studio/windows/AuraStudio.App/Resources/AppStrings.cs,530,Continuar,Continuar,no,
app-strings.bootloader-update-done-detail,AppStrings,studio/windows/AuraStudio.App/Resources/AppStrings.cs,555,Tu música y tus ajustes siguen intactos. La próxima vez que enciendas el iPod vas a ver la pantalla de arranque nueva.,Tu música y tus ajustes siguen intactos. La próxima vez que enciendas el iPod vas a ver la pantalla de arranque nueva.,no,
app-strings.bootloader-update-done-title,AppStrings,studio/windows/AuraStudio.App/Resources/AppStrings.cs,552,Listo: el arranque quedó actualizado,Listo: el arranque quedó actualizado,no,
app-strings.bootloader-update-enter-dfu-when,AppStrings,studio/windows/AuraStudio.App/Resources/AppStrings.cs,533,El iPod tiene que estar conectado por USB mientras lo haces. No se toca su disco: solo se regraba el arranque.,El iPod tiene que estar conectado por USB mientras lo haces. No se toca su disco: solo se regraba el arranque.,no,
app-strings.bootloader-update-flash-confirm,AppStrings,studio/windows/AuraStudio.App/Resources/AppStrings.cs,537,Entiendo que esto regraba el arranque del iPod. No borra su disco ni quita el arranque de Apple.,Entiendo que esto regraba el arranque del iPod. No borra su disco ni quita el arranque de Apple.,no,
app-strings.bootloader-update-flashing-1,AppStrings,studio/windows/AuraStudio.App/Resources/AppStrings.cs,546,Actualizando el arranque del iPod…,Actualizando el arranque del iPod…,no,
app-strings.bootloader-update-flashing-2,AppStrings,studio/windows/AuraStudio.App/Resources/AppStrings.cs,547,Actualizando el arranque de {family}…,Actualizando el arranque de {0}…,sí,
app-strings.bootloader-update-no-password,AppStrings,studio/windows/AuraStudio.App/Resources/AppStrings.cs,528,No te pide tu contraseña de administrador ni una sola vez.,No te pide tu contraseña de administrador ni una sola vez.,no,
app-strings.bootloader-update-not-required,AppStrings,studio/windows/AuraStudio.App/Resources/AppStrings.cs,524,No es obligatorio. El firmware nuevo funciona igual con el arranque que ya tienes; lo único que cambia es la pantalla de encendido.,No es obligatorio. El firmware nuevo funciona igual con el arranque que ya tienes; lo único que cambia es la pantalla de encendido.,no,
app-strings.bootloader-update-nothing-touched,AppStrings,studio/windows/AuraStudio.App/Resources/AppStrings.cs,520,"No se toca nada del disco. Tu música, tus fotos, tus listas y tus ajustes se quedan exactamente como están.","No se toca nada del disco. Tu música, tus fotos, tus listas y tus ajustes se quedan exactamente como están.",no,
app-strings.bootloader-update-offer,AppStrings,studio/windows/AuraStudio.App/Resources/AppStrings.cs,501,Actualizar el arranque de este iPod,Actualizar el arranque de este iPod,no,
app-strings.bootloader-update-offer-different,AppStrings,studio/windows/AuraStudio.App/Resources/AppStrings.cs,504,Esta versión trae un arranque más nuevo que el que tiene tu iPod.,Esta versión trae un arranque más nuevo que el que tiene tu iPod.,no,
app-strings.bootloader-update-offer-unknown,AppStrings,studio/windows/AuraStudio.App/Resources/AppStrings.cs,507,"No sabemos qué arranque tiene tu iPod: lo instaló otra computadora, o una versión anterior de la app.","No sabemos qué arranque tiene tu iPod: lo instaló otra computadora, o una versión anterior de la app.",no,
app-strings.bootloader-update-title,AppStrings,studio/windows/AuraStudio.App/Resources/AppStrings.cs,510,Actualizar el arranque,Actualizar el arranque,no,
app-strings.bootloader-update-what-it-is,AppStrings,studio/windows/AuraStudio.App/Resources/AppStrings.cs,513,"El arranque es el programa que corre antes del firmware, en un chip aparte del disco. Esta versión trae uno nuevo, con otra pantalla de encendido.","El arranque es el programa que corre antes del firmware, en un chip aparte del disco. Esta versión trae uno nuevo, con otra pantalla de encendido.",no,
app-strings.bootloader-update-why-dfu,AppStrings,studio/windows/AuraStudio.App/Resources/AppStrings.cs,517,Hace falta modo DFU porque ese chip no se puede escribir de ninguna otra forma.,Hace falta modo DFU porque ese chip no se puede escribir de ninguna otra forma.,no,
app-strings.declared-family-label,AppStrings,studio/windows/AuraStudio.App/Resources/AppStrings.cs,255,Familia declarada,Familia declarada,no,
app-strings.delete-confirm-cancel,AppStrings,studio/windows/AuraStudio.App/Resources/AppStrings.cs,184,Cancelar,Cancelar,no,
app-strings.delete-confirm-primary,AppStrings,studio/windows/AuraStudio.App/Resources/AppStrings.cs,183,Eliminar,Eliminar,no,
app-strings.device-ambiguous,AppStrings,studio/windows/AuraStudio.App/Resources/AppStrings.cs,75,"Se encontraron {count} discos que podrían ser tu iPod. Por seguridad, Aura Studio no elige uno solo — desconecta los demás discos externos y vuelve a intentar.","Se encontraron {0} discos que podrían ser tu iPod. Por seguridad, Aura Studio no elige uno solo — desconecta los demás discos externos y vuelve a intentar.",sí,
app-strings.device-connected,AppStrings,studio/windows/AuraStudio.App/Resources/AppStrings.cs,78,Conectado: {name},Conectado: {0},sí,
app-strings.device-detecting,AppStrings,studio/windows/AuraStudio.App/Resources/AppStrings.cs,65,Buscando tu iPod…,Buscando tu iPod…,no,
app-strings.device-not-connected,AppStrings,studio/windows/AuraStudio.App/Resources/AppStrings.cs,67,No hay ningún iPod conectado. Conecta tu iPod Classic por USB.,No hay ningún iPod conectado. Conecta tu iPod Classic por USB.,no,
app-strings.dfu-driver-heading,AppStrings,studio/windows/AuraStudio.App/Resources/AppStrings.cs,588,Controlador para el modo DFU,Controlador para el modo DFU,no,
app-strings.dfu-driver-installed-no-device,AppStrings,studio/windows/AuraStudio.App/Resources/AppStrings.cs,597,El controlador de Apple está instalado. Todavía no se ve ningún iPod en modo DFU.,El controlador de Apple está instalado. Todavía no se ve ningún iPod en modo DFU.,no,
app-strings.dfu-driver-missing,AppStrings,studio/windows/AuraStudio.App/Resources/AppStrings.cs,593,Windows ve el iPod pero no tiene controlador para él. Instala «Dispositivos Apple» desde la Microsoft Store (o iTunes de Apple) y vuelve a conectarlo: Aura Studio necesita ese controlador para hablarle al iPod en modo DFU.,Windows ve el iPod pero no tiene controlador para él. Instala «Dispositivos Apple» desde la Microsoft Store (o iTunes de Apple) y vuelve a conectarlo: Aura Studio necesita ese controlador para hablarle al iPod en modo DFU.,no,
app-strings.dfu-driver-package-missing,AppStrings,studio/windows/AuraStudio.App/Resources/AppStrings.cs,599,"No se encontró el controlador de dispositivos de Apple. Instala «Dispositivos Apple» desde la Microsoft Store (o iTunes) antes de continuar: sin él, Windows no puede hablarle al iPod en modo DFU.","No se encontró el controlador de dispositivos de Apple. Instala «Dispositivos Apple» desde la Microsoft Store (o iTunes) antes de continuar: sin él, Windows no puede hablarle al iPod en modo DFU.",no,
app-strings.dfu-driver-ready,AppStrings,studio/windows/AuraStudio.App/Resources/AppStrings.cs,591,Windows reconoce «{device}» y tiene su controlador funcionando.,Windows reconoce «{0}» y tiene su controlador funcionando.,sí,
app-strings.dfu-driver-unknown,AppStrings,studio/windows/AuraStudio.App/Resources/AppStrings.cs,603,No se pudo consultar el estado del controlador.,No se pudo consultar el estado del controlador.,no,
app-strings.eject-failed,AppStrings,studio/windows/AuraStudio.App/Resources/AppStrings.cs,252,No se pudo expulsar el iPod. Cierra las aplicaciones que estén usando la unidad y vuelve a intentarlo.,No se pudo expulsar el iPod. Cierra las aplicaciones que estén usando la unidad y vuelve a intentarlo.,no,
app-strings.eject-requested,AppStrings,studio/windows/AuraStudio.App/Resources/AppStrings.cs,250,Se solicitó la expulsión. Ya puedes desconectar el iPod cuando Windows lo indique.,Se solicitó la expulsión. Ya puedes desconectar el iPod cuando Windows lo indique.,no,
app-strings.general-subtitle,AppStrings,studio/windows/AuraStudio.App/Resources/AppStrings.cs,233,Administra tu iPod y revisa su estado,Administra tu iPod y revisa su estado,no,
app-strings.general-title,AppStrings,studio/windows/AuraStudio.App/Resources/AppStrings.cs,232,General,General,no,
app-strings.installer-already-writing,AppStrings,studio/windows/AuraStudio.App/Resources/AppStrings.cs,582,Ya hay una operación escribiendo en el iPod. Espera a que termine antes de empezar otra.,Ya hay una operación escribiendo en el iPod. Espera a que termine antes de empezar otra.,no,
app-strings.installer-artifacts-invalid,AppStrings,studio/windows/AuraStudio.App/Resources/AppStrings.cs,584,"Los archivos del firmware no se pudieron verificar, así que no se instala nada.","Los archivos del firmware no se pudieron verificar, así que no se instala nada.",no,
app-strings.installer-awaiting-reboot,AppStrings,studio/windows/AuraStudio.App/Resources/AppStrings.cs,488,Grabado. Esperando a que el iPod se reinicie y vuelva a aparecer…,Grabado. Esperando a que el iPod se reinicie y vuelva a aparecer…,no,
app-strings.installer-begin,AppStrings,studio/windows/AuraStudio.App/Resources/AppStrings.cs,343,Comenzar,Comenzar,no,
app-strings.installer-cancelled,AppStrings,studio/windows/AuraStudio.App/Resources/AppStrings.cs,580,Operación cancelada.,Operación cancelada.,no,
app-strings.installer-copied-files,AppStrings,studio/windows/AuraStudio.App/Resources/AppStrings.cs,418,{count} archivos escritos en el iPod.,{0} archivos escritos en el iPod.,sí,
app-strings.installer-copy-failed,AppStrings,studio/windows/AuraStudio.App/Resources/AppStrings.cs,417,No se pudo copiar el firmware al iPod.,No se pudo copiar el firmware al iPod.,no,
app-strings.installer-copy-files,AppStrings,studio/windows/AuraStudio.App/Resources/AppStrings.cs,416,Copiar el firmware,Copiar el firmware,no,
app-strings.installer-copying-title,AppStrings,studio/windows/AuraStudio.App/Resources/AppStrings.cs,415,Copiando el firmware al iPod…,Copiando el firmware al iPod…,no,
app-strings.installer-detect-detail,AppStrings,studio/windows/AuraStudio.App/Resources/AppStrings.cs,357,Revisa estos datos con cuidado. Lo que sigue borra el contenido del disco que aparece aquí.,Revisa estos datos con cuidado. Lo que sigue borra el contenido del disco que aparece aquí.,no,
app-strings.installer-detect-title,AppStrings,studio/windows/AuraStudio.App/Resources/AppStrings.cs,355,Confirma que este es tu iPod,Confirma que este es tu iPod,no,
app-strings.installer-dfu-detected-detail,AppStrings,studio/windows/AuraStudio.App/Resources/AppStrings.cs,452,Aura Studio lo reconoció al conectarlo. ¿Quieres instalarle un firmware? No se hace nada hasta que elijas.,Aura Studio lo reconoció al conectarlo. ¿Quieres instalarle un firmware? No se hace nada hasta que elijas.,no,
app-strings.installer-dfu-detected-dismiss,AppStrings,studio/windows/AuraStudio.App/Resources/AppStrings.cs,455,Ahora no,Ahora no,no,
app-strings.installer-dfu-detected-install,AppStrings,studio/windows/AuraStudio.App/Resources/AppStrings.cs,454,"Sí, instalar","Sí, instalar",no,
app-strings.installer-dfu-detected-title,AppStrings,studio/windows/AuraStudio.App/Resources/AppStrings.cs,450,Tu iPod está en modo DFU,Tu iPod está en modo DFU,no,
app-strings.installer-dfu-found-1,AppStrings,studio/windows/AuraStudio.App/Resources/AppStrings.cs,461,iPod detectado en modo DFU.,iPod detectado en modo DFU.,no,
app-strings.installer-dfu-found-2,AppStrings,studio/windows/AuraStudio.App/Resources/AppStrings.cs,461,iPod detectado en modo DFU (estado {state}).,iPod detectado en modo DFU (estado {0}).,sí,
app-strings.installer-dfu-guide-link,AppStrings,studio/windows/AuraStudio.App/Resources/AppStrings.cs,442,Guía de flasheo y restauración (repositorio del firmware),Guía de flasheo y restauración (repositorio del firmware),no,
app-strings.installer-dfu-guide-url,AppStrings,studio/windows/AuraStudio.App/Resources/AppStrings.cs,444,https://github.com/Ricolinos/Aura-Firmware/blob/main/docs/guia-flasheo-restauracion.md,https://github.com/Ricolinos/Aura-Firmware/blob/main/docs/guia-flasheo-restauracion.md,no,
app-strings.installer-dfu-no-families,AppStrings,studio/windows/AuraStudio.App/Resources/AppStrings.cs,457,No hay ningún firmware disponible para instalar: falta poblar la carpeta de artefactos.,No hay ningún firmware disponible para instalar: falta poblar la carpeta de artefactos.,no,
app-strings.installer-dfu-not-found,AppStrings,studio/windows/AuraStudio.App/Resources/AppStrings.cs,463,No se ve ningún iPod en modo DFU todavía. Repite la combinación de botones y vuelve a buscar. Recuerda seguir presionando después de que la pantalla se ponga negra.,No se ve ningún iPod en modo DFU todavía. Repite la combinación de botones y vuelve a buscar. Recuerda seguir presionando después de que la pantalla se ponga negra.,no,
app-strings.installer-dfu-not-seen-by-windows,AppStrings,studio/windows/AuraStudio.App/Resources/AppStrings.cs,472,"El controlador de Apple está instalado, pero Windows no ve ningún dispositivo de Apple. Si ya hiciste la combinación de botones y la pantalla del iPod está en negro, es probable que esté en modo DFU y que su conexión USB no esté llegando hasta aquí. En una máquina virtual, revisa que el iPod en modo DFU esté redirigido a Windows: al entrar en DFU cambia de identificador USB y puede hacer falta autorizarlo de nuevo.","El controlador de Apple está instalado, pero Windows no ve ningún dispositivo de Apple. Si ya hiciste la combinación de botones y la pantalla del iPod está en negro, es probable que esté en modo DFU y que su conexión USB no esté llegando hasta aquí. En una máquina virtual, revisa que el iPod en modo DFU esté redirigido a Windows: al entrar en DFU cambia de identificador USB y puede hacer falta autorizarlo de nuevo.",no,
app-strings.installer-dfu-step1,AppStrings,studio/windows/AuraStudio.App/Resources/AppStrings.cs,430,"Si tu iPod está reproduciendo música, detén la reproducción.","Si tu iPod está reproduciendo música, detén la reproducción.",no,
app-strings.installer-dfu-step2,AppStrings,studio/windows/AuraStudio.App/Resources/AppStrings.cs,431,Mantén presionados SELECT + MENU al mismo tiempo.,Mantén presionados SELECT + MENU al mismo tiempo.,no,
app-strings.installer-dfu-step3,AppStrings,studio/windows/AuraStudio.App/Resources/AppStrings.cs,433,"Sigue presionando ambos botones unos 12 segundos, hasta después de que la pantalla se ponga negra.","Sigue presionando ambos botones unos 12 segundos, hasta después de que la pantalla se ponga negra.",no,
app-strings.installer-dfu-step4,AppStrings,studio/windows/AuraStudio.App/Resources/AppStrings.cs,435,Suéltalos. Aura Studio va a detectar el modo DFU automáticamente.,Suéltalos. Aura Studio va a detectar el modo DFU automáticamente.,no,
app-strings.installer-dfu-timing-warning,AppStrings,studio/windows/AuraStudio.App/Resources/AppStrings.cs,439,"Si sueltas los botones antes de unos 12 segundos, el iPod se reinicia normalmente y NO entra en modo DFU. Que la pantalla se ponga negra no es la señal de soltar: sigue presionando después de eso.","Si sueltas los botones antes de unos 12 segundos, el iPod se reinicia normalmente y NO entra en modo DFU. Que la pantalla se ponga negra no es la señal de soltar: sigue presionando después de eso.",no,
app-strings.installer-dfu-unreadable,AppStrings,studio/windows/AuraStudio.App/Resources/AppStrings.cs,478,No se pudo leer el estado del iPod. Revisa abajo si falta el controlador de Apple.,No se pudo leer el estado del iPod. Revisa abajo si falta el controlador de Apple.,no,
app-strings.installer-dfu-waiting,AppStrings,studio/windows/AuraStudio.App/Resources/AppStrings.cs,446,Esperando el modo DFU…,Esperando el modo DFU…,no,
app-strings.installer-done-detail,AppStrings,studio/windows/AuraStudio.App/Resources/AppStrings.cs,577,El firmware quedó instalado. Expulsa el iPod desde General antes de desconectarlo.,El firmware quedó instalado. Expulsa el iPod desde General antes de desconectarlo.,no,
app-strings.installer-done-title,AppStrings,studio/windows/AuraStudio.App/Resources/AppStrings.cs,575,Listo,Listo,no,
app-strings.installer-dry-run,AppStrings,studio/windows/AuraStudio.App/Resources/AppStrings.cs,377,Ensayar sin escribir,Ensayar sin escribir,no,
app-strings.installer-dry-run-heading,AppStrings,studio/windows/AuraStudio.App/Resources/AppStrings.cs,406,Ensayo terminado — no se tocó el disco,Ensayo terminado — no se tocó el disco,no,
app-strings.installer-dry-run-ok,AppStrings,studio/windows/AuraStudio.App/Resources/AppStrings.cs,380,El ensayo salió bien: el disco se volvió a verificar con permisos de administrador y el plan de formateo es válido. No se escribió nada todavía.,El ensayo salió bien: el disco se volvió a verificar con permisos de administrador y el plan de formateo es válido. No se escribió nada todavía.,no,
app-strings.installer-dry-run-running,AppStrings,studio/windows/AuraStudio.App/Resources/AppStrings.cs,378,Ensayando la preparación del disco…,Ensayando la preparación del disco…,no,
app-strings.installer-enter-dfu-title,AppStrings,studio/windows/AuraStudio.App/Resources/AppStrings.cs,424,Ahora pon el iPod en modo DFU,Ahora pon el iPod en modo DFU,no,
app-strings.installer-enter-dfu-when,AppStrings,studio/windows/AuraStudio.App/Resources/AppStrings.cs,427,Este es el momento: el disco ya está listo y lo que sigue es grabar el arranque. El iPod tiene que estar conectado por USB mientras lo haces.,Este es el momento: el disco ya está listo y lo que sigue es grabar el arranque. El iPod tiene que estar conectado por USB mientras lo haces.,no,
app-strings.installer-failed-title,AppStrings,studio/windows/AuraStudio.App/Resources/AppStrings.cs,578,No se pudo continuar,No se pudo continuar,no,
app-strings.installer-family-change,AppStrings,studio/windows/AuraStudio.App/Resources/AppStrings.cs,373,"Este iPod tiene {installed} instalado y vas a instalar {target}. {installed} se guarda completo, con sus ajustes, y puedes volver a él desde Extras cuando quieras.","Este iPod tiene {0} instalado y vas a instalar {1}. {0} se guarda completo, con sus ajustes, y puedes volver a él desde Extras cuando quieras.",sí,
app-strings.installer-family-label,AppStrings,studio/windows/AuraStudio.App/Resources/AppStrings.cs,344,Firmware que se va a instalar,Firmware que se va a instalar,no,
app-strings.installer-flash,AppStrings,studio/windows/AuraStudio.App/Resources/AppStrings.cs,480,Grabar el arranque,Grabar el arranque,no,
app-strings.installer-flash-confirm,AppStrings,studio/windows/AuraStudio.App/Resources/AppStrings.cs,483,Entiendo que esto reemplaza el arranque original de Apple y no se puede deshacer sin restaurarlo.,Entiendo que esto reemplaza el arranque original de Apple y no se puede deshacer sin restaurarlo.,no,
app-strings.installer-flash-failed,AppStrings,studio/windows/AuraStudio.App/Resources/AppStrings.cs,486,No se pudo grabar el arranque.,No se pudo grabar el arranque.,no,
app-strings.installer-flash-needs-confirmation,AppStrings,studio/windows/AuraStudio.App/Resources/AppStrings.cs,485,Falta tu confirmación para grabar el arranque. Aura Studio no graba nada sin que confirmes antes.,Falta tu confirmación para grabar el arranque. Aura Studio no graba nada sin que confirmes antes.,no,
app-strings.installer-flashing,AppStrings,studio/windows/AuraStudio.App/Resources/AppStrings.cs,481,Grabando el arranque en el iPod…,Grabando el arranque en el iPod…,no,
app-strings.installer-format-confirm,AppStrings,studio/windows/AuraStudio.App/Resources/AppStrings.cs,400,Entiendo que se va a borrar todo el contenido de {target}.,Entiendo que se va a borrar todo el contenido de {0}.,sí,
app-strings.installer-format-danger-detail,AppStrings,studio/windows/AuraStudio.App/Resources/AppStrings.cs,396,El ensayo de arriba no tocó nada. Lo que sigue borra todo el contenido del disco y no se puede deshacer. Revisa que sea el iPod correcto antes de continuar.,El ensayo de arriba no tocó nada. Lo que sigue borra todo el contenido del disco y no se puede deshacer. Revisa que sea el iPod correcto antes de continuar.,no,
app-strings.installer-format-danger-heading,AppStrings,studio/windows/AuraStudio.App/Resources/AppStrings.cs,393,Esto sí borra el iPod,Esto sí borra el iPod,no,
app-strings.installer-format-needs-confirmation,AppStrings,studio/windows/AuraStudio.App/Resources/AppStrings.cs,403,Falta tu confirmación para borrar el iPod. Aura Studio no formatea nada sin que confirmes antes sobre qué disco va a actuar.,Falta tu confirmación para borrar el iPod. Aura Studio no formatea nada sin que confirmes antes sobre qué disco va a actuar.,no,
app-strings.installer-format-needs-dry-run,AppStrings,studio/windows/AuraStudio.App/Resources/AppStrings.cs,384,Primero hay que ensayar la preparación del disco. Así se comprueba todo sin escribir nada.,Primero hay que ensayar la preparación del disco. Así se comprueba todo sin escribir nada.,no,
app-strings.installer-format-now-on,AppStrings,studio/windows/AuraStudio.App/Resources/AppStrings.cs,391,Borrar y formatear {target},Borrar y formatear {0},sí,
app-strings.installer-format-running,AppStrings,studio/windows/AuraStudio.App/Resources/AppStrings.cs,382,Dando formato al disco del iPod…,Dando formato al disco del iPod…,no,
app-strings.installer-needs-mounted-volume,AppStrings,studio/windows/AuraStudio.App/Resources/AppStrings.cs,361,El iPod no tiene un volumen que Windows pueda leer. Prepara el disco antes de copiar los archivos.,El iPod no tiene un volumen que Windows pueda leer. Prepara el disco antes de copiar los archivos.,no,
app-strings.installer-no-device,AppStrings,studio/windows/AuraStudio.App/Resources/AppStrings.cs,359,No hay ningún iPod conectado. Conéctalo por USB y espera a que Windows lo reconozca.,No hay ningún iPod conectado. Conéctalo por USB y espera a que Windows lo reconozca.,no,
app-strings.installer-permissions-continue,AppStrings,studio/windows/AuraStudio.App/Resources/AppStrings.cs,353,"Entendido, continuar","Entendido, continuar",no,
app-strings.installer-permissions-detail,AppStrings,studio/windows/AuraStudio.App/Resources/AppStrings.cs,348,"Para preparar el disco del iPod, Windows te va a pedir permiso de administrador con su propio aviso. Aura Studio hace todo desde aquí: nunca vas a tener que abrir una consola ni escribir un comando. El permiso se pide solo para dos cosas concretas — dar formato al disco del iPod y, durante el grabado, pausar el servicio de Apple que podría quedarse con el puerto USB. Cada vez que se use queda anotado en la bitácora de la aplicación.","Para preparar el disco del iPod, Windows te va a pedir permiso de administrador con su propio aviso. Aura Studio hace todo desde aquí: nunca vas a tener que abrir una consola ni escribir un comando. El permiso se pide solo para dos cosas concretas — dar formato al disco del iPod y, durante el grabado, pausar el servicio de Apple que podría quedarse con el puerto USB. Cada vez que se use queda anotado en la bitácora de la aplicación.",no,
app-strings.installer-permissions-title,AppStrings,studio/windows/AuraStudio.App/Resources/AppStrings.cs,346,Permisos que hacen falta,Permisos que hacen falta,no,
app-strings.installer-prepare-disk,AppStrings,studio/windows/AuraStudio.App/Resources/AppStrings.cs,376,Preparar el disco,Preparar el disco,no,
app-strings.installer-privileged-log-heading,AppStrings,studio/windows/AuraStudio.App/Resources/AppStrings.cs,407,Lo que hizo la operación con permisos,Lo que hizo la operación con permisos,no,
app-strings.installer-rebooted,AppStrings,studio/windows/AuraStudio.App/Resources/AppStrings.cs,490,El iPod salió de modo DFU. Ya puedes copiar el firmware.,El iPod salió de modo DFU. Ya puedes copiar el firmware.,no,
app-strings.installer-restart,AppStrings,studio/windows/AuraStudio.App/Resources/AppStrings.cs,579,Empezar de nuevo,Empezar de nuevo,no,
app-strings.installer-safety-abort,AppStrings,studio/windows/AuraStudio.App/Resources/AppStrings.cs,410,Aura Studio se detuvo por seguridad antes de tocar el disco: {reason}.,Aura Studio se detuvo por seguridad antes de tocar el disco: {0}.,sí,
app-strings.installer-scan-dfu,AppStrings,studio/windows/AuraStudio.App/Resources/AppStrings.cs,458,Buscar el iPod en DFU,Buscar el iPod en DFU,no,
app-strings.installer-scanning-dfu,AppStrings,studio/windows/AuraStudio.App/Resources/AppStrings.cs,459,Buscando el iPod en modo DFU…,Buscando el iPod en modo DFU…,no,
app-strings.installer-stuck-in-dfu,AppStrings,studio/windows/AuraStudio.App/Resources/AppStrings.cs,492,El iPod sigue en modo DFU y no se confirmó la instalación. No desconectes: vuelve a buscarlo.,El iPod sigue en modo DFU y no se confirmó la instalación. No desconectes: vuelve a buscarlo.,no,
app-strings.installer-subtitle,AppStrings,studio/windows/AuraStudio.App/Resources/AppStrings.cs,334,"Instala el firmware en tu iPod, paso a paso","Instala el firmware en tu iPod, paso a paso",no,
app-strings.installer-title,AppStrings,studio/windows/AuraStudio.App/Resources/AppStrings.cs,333,Instalador,Instalador,no,
app-strings.installer-unknown-disk,AppStrings,studio/windows/AuraStudio.App/Resources/AppStrings.cs,413,"No se pudo identificar el número de disco de «{path}», así que no se toca nada.","No se pudo identificar el número de disco de «{0}», así que no se toca nada.",sí,
app-strings.installer-welcome-detail,AppStrings,studio/windows/AuraStudio.App/Resources/AppStrings.cs,338,"Aura Studio va a preparar el disco de tu iPod, grabar el arranque y copiar el firmware. Te va a ir explicando cada paso antes de hacerlo, y no toca nada hasta que confirmes.","Aura Studio va a preparar el disco de tu iPod, grabar el arranque y copiar el firmware. Te va a ir explicando cada paso antes de hacerlo, y no toca nada hasta que confirmes.",no,
app-strings.installer-welcome-title,AppStrings,studio/windows/AuraStudio.App/Resources/AppStrings.cs,336,Vamos a instalar el firmware en tu iPod,Vamos a instalar el firmware en tu iPod,no,
app-strings.installer-welcome-warning,AppStrings,studio/windows/AuraStudio.App/Resources/AppStrings.cs,341,"Instalar borra todo lo que haya en el iPod y reemplaza su arranque original de Apple. Si tienes música solo ahí, cópiala antes.","Instalar borra todo lo que haya en el iPod y reemplaza su arranque original de Apple. Si tienes música solo ahí, cópiala antes.",no,
app-strings.label-bus,AppStrings,studio/windows/AuraStudio.App/Resources/AppStrings.cs,365,Conexión,Conexión,no,
app-strings.label-capacity,AppStrings,studio/windows/AuraStudio.App/Resources/AppStrings.cs,236,Capacidad,Capacidad,no,
app-strings.label-device,AppStrings,studio/windows/AuraStudio.App/Resources/AppStrings.cs,363,Dispositivo,Dispositivo,no,
app-strings.label-file-system,AppStrings,studio/windows/AuraStudio.App/Resources/AppStrings.cs,239,Sistema de archivos,Sistema de archivos,no,
app-strings.label-firmware,AppStrings,studio/windows/AuraStudio.App/Resources/AppStrings.cs,366,Firmware detectado,Firmware detectado,no,
app-strings.label-free,AppStrings,studio/windows/AuraStudio.App/Resources/AppStrings.cs,238,Disponible,Disponible,no,
app-strings.label-music,AppStrings,studio/windows/AuraStudio.App/Resources/AppStrings.cs,240,Música,Música,no,
app-strings.label-photos,AppStrings,studio/windows/AuraStudio.App/Resources/AppStrings.cs,242,Fotos,Fotos,no,
app-strings.label-playlists,AppStrings,studio/windows/AuraStudio.App/Resources/AppStrings.cs,243,Listas,Listas,no,
app-strings.label-unit,AppStrings,studio/windows/AuraStudio.App/Resources/AppStrings.cs,364,Unidad,Unidad,no,
app-strings.label-used,AppStrings,studio/windows/AuraStudio.App/Resources/AppStrings.cs,237,Usado,Usado,no,
app-strings.label-video,AppStrings,studio/windows/AuraStudio.App/Resources/AppStrings.cs,241,Video,Video,no,
app-strings.last-sync-summary,AppStrings,studio/windows/AuraStudio.App/Resources/AppStrings.cs,254,Resumen de la última sincronización,Resumen de la última sincronización,no,
app-strings.library-add-files,AppStrings,studio/windows/AuraStudio.App/Resources/AppStrings.cs,142,Agregar archivos,Agregar archivos,no,
app-strings.library-add-folder,AppStrings,studio/windows/AuraStudio.App/Resources/AppStrings.cs,143,Agregar carpeta,Agregar carpeta,no,
app-strings.library-available-without-device,AppStrings,studio/windows/AuraStudio.App/Resources/AppStrings.cs,90,Puedes armar tu biblioteca sin el iPod conectado; se sincroniza cuando lo conectes.,Puedes armar tu biblioteca sin el iPod conectado; se sincroniza cuando lo conectes.,no,
app-strings.library-columns,AppStrings,studio/windows/AuraStudio.App/Resources/AppStrings.cs,194,Columnas,Columnas,no,
app-strings.library-columns-detail,AppStrings,studio/windows/AuraStudio.App/Resources/AppStrings.cs,196,Elige qué columnas ver. Título siempre está y va primero.,Elige qué columnas ver. Título siempre está y va primero.,no,
app-strings.library-drop-hint-libraryitemkind-music,AppStrings,studio/windows/AuraStudio.App/Resources/AppStrings.cs,116,Arrastra aquí tu música o una carpeta de álbumes.,Arrastra aquí tu música o una carpeta de álbumes.,no,
app-strings.library-drop-hint-libraryitemkind-photo,AppStrings,studio/windows/AuraStudio.App/Resources/AppStrings.cs,118,Arrastra aquí tus fotos o una carpeta de imágenes.,Arrastra aquí tus fotos o una carpeta de imágenes.,no,
app-strings.library-drop-hint-libraryitemkind-video,AppStrings,studio/windows/AuraStudio.App/Resources/AppStrings.cs,117,"Arrastra aquí tus películas, series o videos.","Arrastra aquí tus películas, series o videos.",no,
app-strings.library-drop-hint-texto,AppStrings,studio/windows/AuraStudio.App/Resources/AppStrings.cs,119,Arrastra aquí tus archivos.,Arrastra aquí tus archivos.,no,
app-strings.library-empty,AppStrings,studio/windows/AuraStudio.App/Resources/AppStrings.cs,94,Tu biblioteca está vacía.,Tu biblioteca está vacía.,no,
app-strings.library-favorites-only,AppStrings,studio/windows/AuraStudio.App/Resources/AppStrings.cs,193,Solo favoritos,Solo favoritos,no,
app-strings.library-kind-libraryitemkind-music,AppStrings,studio/windows/AuraStudio.App/Resources/AppStrings.cs,209,Música,Música,no,
app-strings.library-kind-libraryitemkind-photo,AppStrings,studio/windows/AuraStudio.App/Resources/AppStrings.cs,211,Imagen,Imagen,no,
app-strings.library-kind-libraryitemkind-video,AppStrings,studio/windows/AuraStudio.App/Resources/AppStrings.cs,210,Video,Video,no,
app-strings.library-kind-texto,AppStrings,studio/windows/AuraStudio.App/Resources/AppStrings.cs,212,No compatible,No compatible,no,
app-strings.library-locked-reason,AppStrings,studio/windows/AuraStudio.App/Resources/AppStrings.cs,86,El iPod conectado no tiene un firmware de la familia Aura corriendo. Instálalo desde el Instalador para administrar y sincronizar tu biblioteca.,El iPod conectado no tiene un firmware de la familia Aura corriendo. Instálalo desde el Instalador para administrar y sincronizar tu biblioteca.,no,
app-strings.library-nothing-here-yet,AppStrings,studio/windows/AuraStudio.App/Resources/AppStrings.cs,139,Todavía no hay nada en esta sección.,Todavía no hay nada en esta sección.,no,
app-strings.library-open-folder,AppStrings,studio/windows/AuraStudio.App/Resources/AppStrings.cs,141,Abrir la carpeta de la biblioteca,Abrir la carpeta de la biblioteca,no,
app-strings.library-remove,AppStrings,studio/windows/AuraStudio.App/Resources/AppStrings.cs,144,Quitar de la biblioteca,Quitar de la biblioteca,no,
app-strings.library-root-choose,AppStrings,studio/windows/AuraStudio.App/Resources/AppStrings.cs,111,Elegir otra biblioteca,Elegir otra biblioteca,no,
app-strings.library-root-create,AppStrings,studio/windows/AuraStudio.App/Resources/AppStrings.cs,112,Crear una nueva,Crear una nueva,no,
app-strings.library-root-missing-1,AppStrings,studio/windows/AuraStudio.App/Resources/AppStrings.cs,103,No hay ninguna carpeta de biblioteca configurada.,No hay ninguna carpeta de biblioteca configurada.,no,
app-strings.library-root-missing-2,AppStrings,studio/windows/AuraStudio.App/Resources/AppStrings.cs,104,La biblioteca está en un disco que no está conectado: {root},La biblioteca está en un disco que no está conectado: {0},sí,
app-strings.library-root-missing-detail,AppStrings,studio/windows/AuraStudio.App/Resources/AppStrings.cs,107,No se perdió nada: el catálogo y tus archivos siguen en ese disco. Conéctalo y la biblioteca vuelve sola.,No se perdió nada: el catálogo y tus archivos siguen en ese disco. Conéctalo y la biblioteca vuelve sola.,no,
app-strings.library-root-retry,AppStrings,studio/windows/AuraStudio.App/Resources/AppStrings.cs,110,Conectar el disco y reintentar,Conectar el disco y reintentar,no,
app-strings.library-season-1,AppStrings,studio/windows/AuraStudio.App/Resources/AppStrings.cs,205,Sin temporada,Sin temporada,no,
app-strings.library-season-2,AppStrings,studio/windows/AuraStudio.App/Resources/AppStrings.cs,205,Temporada {number},Temporada {0},sí,
app-strings.library-section-only-its-type-libraryitemkind-music,AppStrings,studio/windows/AuraStudio.App/Resources/AppStrings.cs,128,"Esta sección solo acepta música. Las carátulas que vengan junto a un álbum se guardan como portada, no como fotos.","Esta sección solo acepta música. Las carátulas que vengan junto a un álbum se guardan como portada, no como fotos.",no,
app-strings.library-section-only-its-type-libraryitemkind-photo,AppStrings,studio/windows/AuraStudio.App/Resources/AppStrings.cs,130,Esta sección solo acepta imágenes.,Esta sección solo acepta imágenes.,no,
app-strings.library-section-only-its-type-libraryitemkind-video,AppStrings,studio/windows/AuraStudio.App/Resources/AppStrings.cs,129,Esta sección solo acepta video. Una imagen con el mismo nombre que un video se guarda como su póster.,Esta sección solo acepta video. Una imagen con el mismo nombre que un video se guarda como su póster.,no,
app-strings.library-similar-found-on-drop,AppStrings,studio/windows/AuraStudio.App/Resources/AppStrings.cs,192,{summary} Encontramos elementos parecidos entre lo que agregaste — revísalos en Similares.,{0} Encontramos elementos parecidos entre lo que agregaste — revísalos en Similares.,sí,
app-strings.library-sort-ascending,AppStrings,studio/windows/AuraStudio.App/Resources/AppStrings.cs,198,Ascendente,Ascendente,no,
app-strings.library-sort-by,AppStrings,studio/windows/AuraStudio.App/Resources/AppStrings.cs,197,Ordenar por,Ordenar por,no,
app-strings.library-status-6,AppStrings,studio/windows/AuraStudio.App/Resources/AppStrings.cs,227,Error: {error},Error: {0},sí,
app-strings.library-status-7,AppStrings,studio/windows/AuraStudio.App/Resources/AppStrings.cs,227,Error,Error,no,
app-strings.library-status-libraryitemstate-enrichi,AppStrings,studio/windows/AuraStudio.App/Resources/AppStrings.cs,223,Buscando información,Buscando información,no,
app-strings.library-status-libraryitemstate-needsre,AppStrings,studio/windows/AuraStudio.App/Resources/AppStrings.cs,226,Necesita revisión,Necesita revisión,no,
app-strings.library-status-libraryitemstate-queued,AppStrings,studio/windows/AuraStudio.App/Resources/AppStrings.cs,222,En cola,En cola,no,
app-strings.library-status-libraryitemstate-ready,AppStrings,studio/windows/AuraStudio.App/Resources/AppStrings.cs,225,Listo,Listo,no,
app-strings.library-status-libraryitemstate-transco,AppStrings,studio/windows/AuraStudio.App/Resources/AppStrings.cs,224,Convirtiendo… {status.Progress * 100:0}%,Convirtiendo… {0}%,sí,
app-strings.licenses-document-missing,AppStrings,studio/windows/AuraStudio.App/Resources/AppStrings.cs,629,{name}: no incluido en estos archivos,{0}: no incluido en estos archivos,sí,
app-strings.licenses-document-present,AppStrings,studio/windows/AuraStudio.App/Resources/AppStrings.cs,628,{name}: incluido,{0}: incluido,sí,
app-strings.licenses-families-heading,AppStrings,studio/windows/AuraStudio.App/Resources/AppStrings.cs,618,Firmware incluido,Firmware incluido,no,
app-strings.licenses-intro,AppStrings,studio/windows/AuraStudio.App/Resources/AppStrings.cs,612,"mks5lboot, bootloader-ipod6g.ipod, rockbox.ipod y rockbox.zip son obras derivadas de Rockbox y se distribuyen bajo la Licencia Pública General de GNU, versión 2. Aura Studio los incluye como agregación y no los modifica de ninguna forma. Para cada firmware incluido puedes obtener su código fuente completo en el repositorio y la versión exacta que se listan abajo.","mks5lboot, bootloader-ipod6g.ipod, rockbox.ipod y rockbox.zip son obras derivadas de Rockbox y se distribuyen bajo la Licencia Pública General de GNU, versión 2. Aura Studio los incluye como agregación y no los modifica de ninguna forma. Para cada firmware incluido puedes obtener su código fuente completo en el repositorio y la versión exacta que se listan abajo.",no,
app-strings.licenses-libraries-heading,AppStrings,studio/windows/AuraStudio.App/Resources/AppStrings.cs,654,Bibliotecas incluidas,Bibliotecas incluidas,no,
app-strings.licenses-libraries-intro,AppStrings,studio/windows/AuraStudio.App/Resources/AppStrings.cs,657,"Aura Studio incluye bibliotecas de software libre. Se distribuyen como archivos aparte junto al programa, sin modificar, y puedes reemplazarlas por otra versión compatible.","Aura Studio incluye bibliotecas de software libre. Se distribuyen como archivos aparte junto al programa, sin modificar, y puedes reemplazarlas por otra versión compatible.",no,
app-strings.licenses-open,AppStrings,studio/windows/AuraStudio.App/Resources/AppStrings.cs,609,Ver licencias,Ver licencias,no,
app-strings.licenses-repository-label,AppStrings,studio/windows/AuraStudio.App/Resources/AppStrings.cs,619,Código fuente,Código fuente,no,
app-strings.licenses-subtitle,AppStrings,studio/windows/AuraStudio.App/Resources/AppStrings.cs,608,Software libre incluido en Aura Studio,Software libre incluido en Aura Studio,no,
app-strings.licenses-tag-label,AppStrings,studio/windows/AuraStudio.App/Resources/AppStrings.cs,620,Versión incluida,Versión incluida,no,
app-strings.licenses-tag-lib-detail,AppStrings,studio/windows/AuraStudio.App/Resources/AppStrings.cs,664,"Lee las etiquetas y las carátulas de tus archivos de música (MP3, FLAC, M4A). En Aura Studio para Mac ese trabajo lo hace AVFoundation, que no existe en Windows.","Lee las etiquetas y las carátulas de tus archivos de música (MP3, FLAC, M4A). En Aura Studio para Mac ese trabajo lo hace AVFoundation, que no existe en Windows.",no,
app-strings.licenses-tag-lib-name,AppStrings,studio/windows/AuraStudio.App/Resources/AppStrings.cs,661,TagLib# 2.3.0 — LGPL v2.1,TagLib# 2.3.0 — LGPL v2.1,no,
app-strings.licenses-tag-lib-source,AppStrings,studio/windows/AuraStudio.App/Resources/AppStrings.cs,667,https://github.com/mono/taglib-sharp,https://github.com/mono/taglib-sharp,no,
app-strings.licenses-title,AppStrings,studio/windows/AuraStudio.App/Resources/AppStrings.cs,607,Licencias,Licencias,no,
app-strings.licenses-tool-from-release,AppStrings,studio/windows/AuraStudio.App/Resources/AppStrings.cs,634,Publicada en el Release {tag} y verificada contra su checksums.txt.,Publicada en el Release {0} y verificada contra su checksums.txt.,sí,
app-strings.licenses-tool-heading,AppStrings,studio/windows/AuraStudio.App/Resources/AppStrings.cs,631,Herramienta de grabado (mks5lboot.exe),Herramienta de grabado (mks5lboot.exe),no,
app-strings.licenses-tool-local-pin,AppStrings,studio/windows/AuraStudio.App/Resources/AppStrings.cs,637,Compilada aparte para Windows: el Release publica la versión de Unix. Coincide con el hash fijado en el propio Aura Studio (origen declarado: {tag}). Su código fuente es el del repositorio del firmware que se indica arriba.,Compilada aparte para Windows: el Release publica la versión de Unix. Coincide con el hash fijado en el propio Aura Studio (origen declarado: {0}). Su código fuente es el del repositorio del firmware que se indica arriba.,sí,
app-strings.licenses-tool-missing,AppStrings,studio/windows/AuraStudio.App/Resources/AppStrings.cs,644,No está incluida en esta copia.,No está incluida en esta copia.,no,
app-strings.licenses-tool-unverified,AppStrings,studio/windows/AuraStudio.App/Resources/AppStrings.cs,642,No se pudo comprobar contra ningún hash. Aura Studio no la ejecutará hasta poder verificarla.,No se pudo comprobar contra ningún hash. Aura Studio no la ejecutará hasta poder verificarla.,no,
app-strings.licenses-unknown-tag,AppStrings,studio/windows/AuraStudio.App/Resources/AppStrings.cs,622,No se conoce,No se conoce,no,
app-strings.licenses-unknown-tag-detail,AppStrings,studio/windows/AuraStudio.App/Resources/AppStrings.cs,625,Estos archivos se copiaron sin registrar de qué Release salieron. Vuelve a poblarlos con scripts/FirmwareFetch.ps1 para que la versión quede anotada.,Estos archivos se copiaron sin registrar de qué Release salieron. Vuelve a poblarlos con scripts/FirmwareFetch.ps1 para que la versión quede anotada.,no,
app-strings.nav-albums,AppStrings,studio/windows/AuraStudio.App/Resources/AppStrings.cs,44,Álbumes,Álbumes,no,
app-strings.nav-all-photos,AppStrings,studio/windows/AuraStudio.App/Resources/AppStrings.cs,56,Todas las fotos,Todas las fotos,no,
app-strings.nav-all-videos,AppStrings,studio/windows/AuraStudio.App/Resources/AppStrings.cs,51,Todos los videos,Todos los videos,no,
app-strings.nav-artists,AppStrings,studio/windows/AuraStudio.App/Resources/AppStrings.cs,43,Artistas,Artistas,no,
app-strings.nav-clips,AppStrings,studio/windows/AuraStudio.App/Resources/AppStrings.cs,50,Videoclips,Videoclips,no,
app-strings.nav-extras,AppStrings,studio/windows/AuraStudio.App/Resources/AppStrings.cs,57,Extras,Extras,no,
app-strings.nav-general,AppStrings,studio/windows/AuraStudio.App/Resources/AppStrings.cs,41,General,General,no,
app-strings.nav-installer,AppStrings,studio/windows/AuraStudio.App/Resources/AppStrings.cs,58,Instalador,Instalador,no,
app-strings.nav-movies,AppStrings,studio/windows/AuraStudio.App/Resources/AppStrings.cs,48,Películas,Películas,no,
app-strings.nav-music,AppStrings,studio/windows/AuraStudio.App/Resources/AppStrings.cs,42,Música,Música,no,
app-strings.nav-photos,AppStrings,studio/windows/AuraStudio.App/Resources/AppStrings.cs,52,Fotos,Fotos,no,
app-strings.nav-photos-ai,AppStrings,studio/windows/AuraStudio.App/Resources/AppStrings.cs,55,IA,IA,no,
app-strings.nav-photos-images,AppStrings,studio/windows/AuraStudio.App/Resources/AppStrings.cs,54,Imágenes,Imágenes,no,
app-strings.nav-photos-photos,AppStrings,studio/windows/AuraStudio.App/Resources/AppStrings.cs,53,Fotos,Fotos,no,
app-strings.nav-playlists,AppStrings,studio/windows/AuraStudio.App/Resources/AppStrings.cs,46,Listas,Listas,no,
app-strings.nav-series,AppStrings,studio/windows/AuraStudio.App/Resources/AppStrings.cs,49,Series,Series,no,
app-strings.nav-settings,AppStrings,studio/windows/AuraStudio.App/Resources/AppStrings.cs,60,Ajustes,Ajustes,no,
app-strings.nav-songs,AppStrings,studio/windows/AuraStudio.App/Resources/AppStrings.cs,45,Canciones,Canciones,no,
app-strings.nav-themes,AppStrings,studio/windows/AuraStudio.App/Resources/AppStrings.cs,59,Temas,Temas,no,
app-strings.nav-video,AppStrings,studio/windows/AuraStudio.App/Resources/AppStrings.cs,47,Video,Video,no,
app-strings.never-synced,AppStrings,studio/windows/AuraStudio.App/Resources/AppStrings.cs,253,Este iPod todavía no se ha sincronizado con Aura Studio.,Este iPod todavía no se ha sincronizado con Aura Studio.,no,
app-strings.no-device,AppStrings,studio/windows/AuraStudio.App/Resources/AppStrings.cs,64,Sin dispositivo,Sin dispositivo,no,
app-strings.not-available,AppStrings,studio/windows/AuraStudio.App/Resources/AppStrings.cs,256,No disponible,No disponible,no,
app-strings.orphans-button,AppStrings,studio/windows/AuraStudio.App/Resources/AppStrings.cs,312,Buscar huérfanos,Buscar huérfanos,no,
app-strings.orphans-clean-button,AppStrings,studio/windows/AuraStudio.App/Resources/AppStrings.cs,313,Limpiar archivos huérfanos,Limpiar archivos huérfanos,no,
app-strings.orphans-confirm-message,AppStrings,studio/windows/AuraStudio.App/Resources/AppStrings.cs,325,"{OrphansFound(scan)} No están ligados a ningún elemento de tu biblioteca; borrarlos no afecta ninguna canción, foto ni video que tengas.","{0} No están ligados a ningún elemento de tu biblioteca; borrarlos no afecta ninguna canción, foto ni video que tengas.",sí,
app-strings.orphans-detail,AppStrings,studio/windows/AuraStudio.App/Resources/AppStrings.cs,308,"Preparados y carátulas que ya no le pertenecen a ningún elemento de tu biblioteca — de elementos eliminados antes de esta versión, o de un reprocesamiento. No son tus archivos originales: son copias técnicas que Aura arma sola y puede volver a armar si hicieran falta.","Preparados y carátulas que ya no le pertenecen a ningún elemento de tu biblioteca — de elementos eliminados antes de esta versión, o de un reprocesamiento. No son tus archivos originales: son copias técnicas que Aura arma sola y puede volver a armar si hicieran falta.",no,
app-strings.orphans-none-found,AppStrings,studio/windows/AuraStudio.App/Resources/AppStrings.cs,315,No hay archivos huérfanos: no hace falta limpiar nada.,No hay archivos huérfanos: no hace falta limpiar nada.,no,
app-strings.orphans-title,AppStrings,studio/windows/AuraStudio.App/Resources/AppStrings.cs,306,Archivos huérfanos,Archivos huérfanos,no,
app-strings.section-content,AppStrings,studio/windows/AuraStudio.App/Resources/AppStrings.cs,235,Contenido en el iPod,Contenido en el iPod,no,
app-strings.section-pending-detail,AppStrings,studio/windows/AuraStudio.App/Resources/AppStrings.cs,679,Esta sección llega en la {phase} del port a Windows. La navegación ya está en su lugar para que nada cambie cuando el contenido aparezca.,Esta sección llega en la {0} del port a Windows. La navegación ya está en su lugar para que nada cambie cuando el contenido aparezca.,sí,
app-strings.section-pending-title,AppStrings,studio/windows/AuraStudio.App/Resources/AppStrings.cs,676,Todavía no está lista,Todavía no está lista,no,
app-strings.section-storage,AppStrings,studio/windows/AuraStudio.App/Resources/AppStrings.cs,234,Almacenamiento,Almacenamiento,no,
app-strings.service-pause-asks-for-permission,AppStrings,studio/windows/AuraStudio.App/Resources/AppStrings.cs,568,Esto sí te va a pedir permiso de administrador.,Esto sí te va a pedir permiso de administrador.,no,
app-strings.service-pause-button,AppStrings,studio/windows/AuraStudio.App/Resources/AppStrings.cs,570,Pausar los servicios de Apple,Pausar los servicios de Apple,no,
app-strings.service-pause-detail,AppStrings,studio/windows/AuraStudio.App/Resources/AppStrings.cs,563,Windows puede tener el servicio de Apple ocupando el iPod. Podemos detenerlo mientras dura esto y lo volvemos a encender al terminar.,Windows puede tener el servicio de Apple ocupando el iPod. Podemos detenerlo mientras dura esto y lo volvemos a encender al terminar.,no,
app-strings.service-pause-not-running,AppStrings,studio/windows/AuraStudio.App/Resources/AppStrings.cs,573,"El servicio de Apple no está corriendo, así que no es lo que está estorbando.","El servicio de Apple no está corriendo, así que no es lo que está estorbando.",no,
app-strings.service-pause-title,AppStrings,studio/windows/AuraStudio.App/Resources/AppStrings.cs,560,¿No aparece?,¿No aparece?,no,
app-strings.settings-about,AppStrings,studio/windows/AuraStudio.App/Resources/AppStrings.cs,279,Acerca de,Acerca de,no,
app-strings.settings-appearance,AppStrings,studio/windows/AuraStudio.App/Resources/AppStrings.cs,262,Apariencia,Apariencia,no,
app-strings.settings-language-detail,AppStrings,studio/windows/AuraStudio.App/Resources/AppStrings.cs,273,"Aura Studio para Windows está en español de México. No hay selector de idioma: a diferencia de la versión para Mac, esta app se hizo en un solo idioma.","Aura Studio para Windows está en español de México. No hay selector de idioma: a diferencia de la versión para Mac, esta app se hizo en un solo idioma.",no,
app-strings.settings-subtitle,AppStrings,studio/windows/AuraStudio.App/Resources/AppStrings.cs,261,Preferencias de Aura Studio,Preferencias de Aura Studio,no,
app-strings.settings-theme,AppStrings,studio/windows/AuraStudio.App/Resources/AppStrings.cs,263,Tema,Tema,no,
app-strings.settings-theme-detail,AppStrings,studio/windows/AuraStudio.App/Resources/AppStrings.cs,265,Aura Studio sigue el tema de Windows. Puedes fijarlo en claro u oscuro solo para esta app.,Aura Studio sigue el tema de Windows. Puedes fijarlo en claro u oscuro solo para esta app.,no,
app-strings.settings-title,AppStrings,studio/windows/AuraStudio.App/Resources/AppStrings.cs,260,Ajustes,Ajustes,no,
app-strings.storage-change-only-affects-future,AppStrings,studio/windows/AuraStudio.App/Resources/AppStrings.cs,301,Cambiar este ajuste solo afecta lo que importes de ahora en adelante: lo que ya está en tu biblioteca se queda como está.,Cambiar este ajuste solo afecta lo que importes de ahora en adelante: lo que ya está en tu biblioteca se queda como está.,no,
app-strings.storage-copy-explainer,AppStrings,studio/windows/AuraStudio.App/Resources/AppStrings.cs,291,"Copiar a la Biblioteca de Aura: Aura controla los archivos, edita sus etiquetas y los sincroniza directo; ocupa espacio en disco (una copia); puedes borrar tus originales después.","Copiar a la Biblioteca de Aura: Aura controla los archivos, edita sus etiquetas y los sincroniza directo; ocupa espacio en disco (una copia); puedes borrar tus originales después.",no,
app-strings.storage-reference-explainer,AppStrings,studio/windows/AuraStudio.App/Resources/AppStrings.cs,296,"Referenciar en su lugar: no ocupa espacio extra ni toca tus archivos; Aura mantiene una versión preparada aparte (.preparados/), las ediciones viven solo en Aura y en el iPod, y si el disco original no está, esas canciones no se pueden sincronizar.","Referenciar en su lugar: no ocupa espacio extra ni toca tus archivos; Aura mantiene una versión preparada aparte (.preparados/), las ediciones viven solo en Aura y en el iPod, y si el disco original no está, esas canciones no se pueden sincronizar.",no,
app-strings.storage-section-title,AppStrings,studio/windows/AuraStudio.App/Resources/AppStrings.cs,283,Cómo guardar tu música,Cómo guardar tu música,no,
app-strings.theme-dark,AppStrings,studio/windows/AuraStudio.App/Resources/AppStrings.cs,278,Oscuro,Oscuro,no,
app-strings.theme-light,AppStrings,studio/windows/AuraStudio.App/Resources/AppStrings.cs,277,Claro,Claro,no,
app-strings.theme-system,AppStrings,studio/windows/AuraStudio.App/Resources/AppStrings.cs,276,Igual que el sistema,Igual que el sistema,no,
app-update-service.aura-studio-installedversion-es-version,StatusMessage,studio/windows/AuraStudio.App/Services/AppUpdateService.cs,147,Aura Studio {InstalledVersion} es la versión más nueva publicada.,Aura Studio {0} es la versión más nueva publicada.,sí,
app-update-service.buscando-actualizaciones-aura-studio,StatusMessage,studio/windows/AuraStudio.App/Services/AppUpdateService.cs,126,Buscando actualizaciones de Aura Studio…,Buscando actualizaciones de Aura Studio…,no,
app-update-service.descargando-aura-studio-available-value,StatusMessage,studio/windows/AuraStudio.App/Services/AppUpdateService.cs,202,Descargando Aura Studio {Available.Value.Version.ReleaseString}…,Descargando Aura Studio {0}…,sí,
app-update-service.se-detuvo-busqueda-actualizaciones,StatusMessage,studio/windows/AuraStudio.App/Services/AppUpdateService.cs,163,Se detuvo la búsqueda de actualizaciones.,Se detuvo la búsqueda de actualizaciones.,no,
artists-page.buscar-artistas,XAML,studio/windows/AuraStudio.App/Views/ArtistsPage.xaml,30,Buscar artistas,Buscar artistas,no,
artists-page.buscar-fotos,XAML,studio/windows/AuraStudio.App/Views/ArtistsPage.xaml,111,Buscar fotos,Buscar fotos,no,
artists-page.buscar-informacion-linea,XAML,studio/windows/AuraStudio.App/Views/ArtistsPage.xaml,110,Buscar información en línea,Buscar información en línea,no,
artists-page.buscar-informacion-linea-2,XAML,studio/windows/AuraStudio.App/Views/ArtistsPage.xaml,137,Buscar información en línea,Buscar información en línea,no,
artists-page.elige-artista-lista,XAML,studio/windows/AuraStudio.App/Views/ArtistsPage.xaml,95,Elige un artista de la lista.,Elige un artista de la lista.,no,
artists-page.eliminar,XAML,studio/windows/AuraStudio.App/Views/ArtistsPage.xaml,113,Eliminar,Eliminar,no,
artists-page.mostrar-explorador,XAML,studio/windows/AuraStudio.App/Views/ArtistsPage.xaml,112,Mostrar en el Explorador,Mostrar en el Explorador,no,
artists-page.todavia-hay-musica-biblioteca,XAML,studio/windows/AuraStudio.App/Views/ArtistsPage.xaml,45,Todavía no hay música en la biblioteca.,Todavía no hay música en la biblioteca.,no,
context-menu.abrir,MenuEntry,studio/windows/AuraStudio.Core/Library/ContextMenu.cs,153,Abrir,Abrir,no,
context-menu.abrir-2,MenuEntry,studio/windows/AuraStudio.Core/Library/ContextMenu.cs,248,Abrir,Abrir,no,
context-menu.abrir-3,MenuEntry,studio/windows/AuraStudio.Core/Library/ContextMenu.cs,293,Abrir,Abrir,no,
context-menu.aplicar-caratula-recomendada,MenuEntry,studio/windows/AuraStudio.Core/Library/ContextMenu.cs,175,Aplicar carátula recomendada,Aplicar carátula recomendada,no,
context-menu.aplicar-caratula-recomendada-scope-count,MenuEntry,studio/windows/AuraStudio.Core/Library/ContextMenu.cs,176,Aplicar carátula recomendada a {scope.Count} álbumes,Aplicar carátula recomendada a {0} álbumes,sí,
context-menu.ascendente,MenuEntry,studio/windows/AuraStudio.Core/Library/ContextMenu.cs,524,Ascendente,Ascendente,no,
context-menu.buscar-caratulas-scope-albumcount-albume,MenuEntry,studio/windows/AuraStudio.Core/Library/ContextMenu.cs,140,Buscar carátulas de {scope.AlbumCount} álbumes...,Buscar carátulas de {0} álbumes...,sí,
context-menu.buscar-elementos-similares,MenuEntry,studio/windows/AuraStudio.Core/Library/ContextMenu.cs,486,Buscar elementos similares...,Buscar elementos similares...,no,
context-menu.buscar-foto-artista,MenuEntry,studio/windows/AuraStudio.Core/Library/ContextMenu.cs,201,Buscar foto del artista,Buscar foto del artista,no,
context-menu.buscar-fotos-artistas,MenuEntry,studio/windows/AuraStudio.Core/Library/ContextMenu.cs,201,Buscar fotos de los artistas,Buscar fotos de los artistas,no,
context-menu.buscar-informacion-linea,MenuEntry,studio/windows/AuraStudio.Core/Library/ContextMenu.cs,405,Buscar información en línea,Buscar información en línea,no,
context-menu.buscar-letra,MenuEntry,studio/windows/AuraStudio.Core/Library/ContextMenu.cs,411,Buscar letra,Buscar letra,no,
context-menu.buscar-poster-linea,MenuEntry,studio/windows/AuraStudio.Core/Library/ContextMenu.cs,433,Buscar póster en línea,Buscar póster en línea,no,
context-menu.cambiar-categoria,MenuEntry,studio/windows/AuraStudio.Core/Library/ContextMenu.cs,448,Cambiar categoría,Cambiar categoría,no,
context-menu.cambiar-nombre,MenuEntry,studio/windows/AuraStudio.Core/Library/ContextMenu.cs,459,Cambiar nombre...,Cambiar nombre...,no,
context-menu.change-category,MenuEntry,studio/windows/AuraStudio.Core/Library/ContextMenu.cs,117,Cambiar categoría,Cambiar categoría,no,
context-menu.descendente,MenuEntry,studio/windows/AuraStudio.Core/Library/ContextMenu.cs,525,Descendente,Descendente,no,
context-menu.disolver-album,MenuEntry,studio/windows/AuraStudio.Core/Library/ContextMenu.cs,307,Disolver álbum,Disolver álbum,no,
context-menu.disolver-albumes,MenuEntry,studio/windows/AuraStudio.Core/Library/ContextMenu.cs,307,Disolver álbumes,Disolver álbumes,no,
context-menu.eliminar,MenuEntry,studio/windows/AuraStudio.Core/Library/ContextMenu.cs,349,Eliminar,Eliminar,no,
context-menu.eliminar-2,MenuEntry,studio/windows/AuraStudio.Core/Library/ContextMenu.cs,481,Eliminar,Eliminar,no,
context-menu.eliminar-3,MenuEntry,studio/windows/AuraStudio.Core/Library/ContextMenu.cs,488,Eliminar,Eliminar,no,
context-menu.eliminar-album,MenuEntry,studio/windows/AuraStudio.Core/Library/ContextMenu.cs,182,Eliminar álbum,Eliminar álbum,no,
context-menu.eliminar-albumes,MenuEntry,studio/windows/AuraStudio.Core/Library/ContextMenu.cs,182,Eliminar álbumes,Eliminar álbumes,no,
context-menu.eliminar-artista,MenuEntry,studio/windows/AuraStudio.Core/Library/ContextMenu.cs,215,Eliminar artista,Eliminar artista,no,
context-menu.eliminar-artistas,MenuEntry,studio/windows/AuraStudio.Core/Library/ContextMenu.cs,215,Eliminar artistas,Eliminar artistas,no,
context-menu.eliminar-biblioteca,MenuEntry,studio/windows/AuraStudio.Core/Library/ContextMenu.cs,337,Eliminar de la biblioteca,Eliminar de la biblioteca,no,
context-menu.eliminar-caratula,MenuEntry,studio/windows/AuraStudio.Core/Library/ContextMenu.cs,415,Eliminar carátula,Eliminar carátula,no,
context-menu.eliminar-episodio,MenuEntry,studio/windows/AuraStudio.Core/Library/ContextMenu.cs,278,Eliminar episodio,Eliminar episodio,no,
context-menu.eliminar-episodios,MenuEntry,studio/windows/AuraStudio.Core/Library/ContextMenu.cs,278,Eliminar episodios,Eliminar episodios,no,
context-menu.eliminar-fotos-biblioteca,MenuEntry,studio/windows/AuraStudio.Core/Library/ContextMenu.cs,316,Eliminar fotos de la biblioteca,Eliminar fotos de la biblioteca,no,
context-menu.eliminar-pelicula,MenuEntry,studio/windows/AuraStudio.Core/Library/ContextMenu.cs,236,Eliminar película,Eliminar película,no,
context-menu.eliminar-peliculas,MenuEntry,studio/windows/AuraStudio.Core/Library/ContextMenu.cs,236,Eliminar películas,Eliminar películas,no,
context-menu.eliminar-serie,MenuEntry,studio/windows/AuraStudio.Core/Library/ContextMenu.cs,239,Eliminar serie,Eliminar serie,no,
context-menu.eliminar-series,MenuEntry,studio/windows/AuraStudio.Core/Library/ContextMenu.cs,239,Eliminar series,Eliminar series,no,
context-menu.marcar-como-favorito,MenuEntry,studio/windows/AuraStudio.Core/Library/ContextMenu.cs,121,Marcar como favorito,Marcar como favorito,no,
context-menu.marcar-como-favorito-2,MenuEntry,studio/windows/AuraStudio.Core/Library/ContextMenu.cs,228,Marcar como favorito,Marcar como favorito,no,
context-menu.marcar-como-favorito-3,MenuEntry,studio/windows/AuraStudio.Core/Library/ContextMenu.cs,419,Marcar como favorito,Marcar como favorito,no,
context-menu.mas-informacion,MenuEntry,studio/windows/AuraStudio.Core/Library/ContextMenu.cs,226,Más información...,Más información...,no,
context-menu.mas-informacion-2,MenuEntry,studio/windows/AuraStudio.Core/Library/ContextMenu.cs,270,Más información...,Más información...,no,
context-menu.mas-informacion-3,MenuEntry,studio/windows/AuraStudio.Core/Library/ContextMenu.cs,460,Más información...,Más información...,no,
context-menu.mostrar-opciones-visualizacion,MenuEntry,studio/windows/AuraStudio.Core/Library/ContextMenu.cs,512,Mostrar opciones de visualización,Mostrar opciones de visualización,no,
context-menu.obtener-informacion,MenuEntry,studio/windows/AuraStudio.Core/Library/ContextMenu.cs,467,Obtener información...,Obtener información...,no,
context-menu.opciones-para-ordenar,MenuEntry,studio/windows/AuraStudio.Core/Library/ContextMenu.cs,510,Opciones para ordenar,Opciones para ordenar,no,
context-menu.quitar-album,MenuEntry,studio/windows/AuraStudio.Core/Library/ContextMenu.cs,334,Quitar del álbum,Quitar del álbum,no,
context-menu.quitar-favorito,MenuEntry,studio/windows/AuraStudio.Core/Library/ContextMenu.cs,119,Quitar favorito,Quitar favorito,no,
context-menu.quitar-favoritos,MenuEntry,studio/windows/AuraStudio.Core/Library/ContextMenu.cs,228,Quitar de favoritos,Quitar de favoritos,no,
context-menu.quitar-favoritos-2,MenuEntry,studio/windows/AuraStudio.Core/Library/ContextMenu.cs,419,Quitar de favoritos,Quitar de favoritos,no,
context-menu.quitar-foto-artista,MenuEntry,studio/windows/AuraStudio.Core/Library/ContextMenu.cs,210,Quitar foto del artista,Quitar foto del artista,no,
context-menu.quitar-fotos-artistas,MenuEntry,studio/windows/AuraStudio.Core/Library/ContextMenu.cs,210,Quitar fotos de los artistas,Quitar fotos de los artistas,no,
context-menu.quitar-poster,MenuEntry,studio/windows/AuraStudio.Core/Library/ContextMenu.cs,434,Quitar póster,Quitar póster,no,
context-menu.renombrar-album,MenuEntry,studio/windows/AuraStudio.Core/Library/ContextMenu.cs,305,Renombrar álbum...,Renombrar álbum...,no,
context-menu.reveal,MenuEntry,studio/windows/AuraStudio.Core/Library/ContextMenu.cs,112,Mostrar en el Explorador,Mostrar en el Explorador,no,
context-menu.search-album-covers,MenuEntry,studio/windows/AuraStudio.Core/Library/ContextMenu.cs,115,Buscar carátulas del álbum...,Buscar carátulas del álbum...,no,
context-menu.search-online,MenuEntry,studio/windows/AuraStudio.Core/Library/ContextMenu.cs,114,Buscar información en línea,Buscar información en línea,no,
context-menu.search-poster,MenuEntry,studio/windows/AuraStudio.Core/Library/ContextMenu.cs,116,Buscar póster en línea,Buscar póster en línea,no,
context-menu.seleccionar-canciones-mismo-album,MenuEntry,studio/windows/AuraStudio.Core/Library/ContextMenu.cs,425,Seleccionar canciones del mismo álbum,Seleccionar canciones del mismo álbum,no,
context-menu.seleccionar-canciones-mismo-artista,MenuEntry,studio/windows/AuraStudio.Core/Library/ContextMenu.cs,426,Seleccionar canciones del mismo artista,Seleccionar canciones del mismo artista,no,
context-menu.sincronizar-seleccion,MenuEntry,studio/windows/AuraStudio.Core/Library/ContextMenu.cs,474,Sincronizar la selección,Sincronizar la selección,no,
context-menu.solo-favoritos,MenuEntry,studio/windows/AuraStudio.Core/Library/ContextMenu.cs,508,Solo favoritos,Solo favoritos,no,
context-menu.todas-canciones,MenuEntry,studio/windows/AuraStudio.Core/Library/ContextMenu.cs,507,Todas las canciones,Todas las canciones,no,
context-menu.vista-previa,MenuEntry,studio/windows/AuraStudio.Core/Library/ContextMenu.cs,329,Vista previa,Vista previa,no,
context-menu.volver-leer-etiquetas-archivo,MenuEntry,studio/windows/AuraStudio.Core/Library/ContextMenu.cs,412,Volver a leer etiquetas del archivo,Volver a leer etiquetas del archivo,no,
crash-reporter.algo-salio-mal,ContentDialog,studio/windows/AuraStudio.App/Services/CrashReporter.cs,112,Algo salió mal,Algo salió mal,no,
crash-reporter.entendido,ContentDialog,studio/windows/AuraStudio.App/Services/CrashReporter.cs,114,Entendido,Entendido,no,
device-list-page.buscar-actualizaciones,XAML,studio/windows/AuraStudio.App/Views/DeviceListPage.xaml,135,Buscar actualizaciones,Buscar actualizaciones,no,
device-list-page.cancelar,XAML,studio/windows/AuraStudio.App/Views/DeviceListPage.xaml,141,Cancelar,Cancelar,no,
device-list-page.cancelar-2,XAML,studio/windows/AuraStudio.App/Views/DeviceListPage.xaml,287,Cancelar,Cancelar,no,
device-list-page.guardar,XAML,studio/windows/AuraStudio.App/Views/DeviceListPage.xaml,88,Guardar,Guardar,no,
device-list-page.instalar-actualizacion,XAML,studio/windows/AuraStudio.App/Views/DeviceListPage.xaml,118,Instalar la actualización,Instalar la actualización,no,
device-list-page.nombre-ipod,XAML,studio/windows/AuraStudio.App/Views/DeviceListPage.xaml,85,Nombre del iPod,Nombre del iPod,no,
device-list-page.por-copiar,XAML,studio/windows/AuraStudio.App/Views/DeviceListPage.xaml,308,Por copiar,Por copiar,no,
device-list-page.reubicados,XAML,studio/windows/AuraStudio.App/Views/DeviceListPage.xaml,316,Reubicados,Reubicados,no,
device-list-page.revisar-cambios,XAML,studio/windows/AuraStudio.App/Views/DeviceListPage.xaml,278,Revisar cambios,Revisar cambios,no,
device-list-page.sincronizacion,XAML,studio/windows/AuraStudio.App/Views/DeviceListPage.xaml,248,Sincronización,Sincronización,no,
device-list-page.sincronizar,XAML,studio/windows/AuraStudio.App/Views/DeviceListPage.xaml,284,Sincronizar,Sincronizar,no,
device-list-page.toda-biblioteca,XAML,studio/windows/AuraStudio.App/Views/DeviceListPage.xaml,265,Toda la biblioteca,Toda la biblioteca,no,
device-list-page.xaml.listo,ContentDialog,studio/windows/AuraStudio.App/Views/DeviceListPage.xaml.cs,156,Listo,Listo,no,
device-list-page.ya-al-dia,XAML,studio/windows/AuraStudio.App/Views/DeviceListPage.xaml,312,Ya al día,Ya al día,no,
device-list-view-model.buscando-actualizaciones-family-displayn,StatusMessage,studio/windows/AuraStudio.App/ViewModels/DeviceListViewModel.cs,130,Buscando actualizaciones de {family.DisplayName}…,Buscando actualizaciones de {0}…,sí,
device-list-view-model.ipod-se-llama-devicename,StatusMessage,studio/windows/AuraStudio.App/ViewModels/DeviceListViewModel.cs,372,"El iPod se llama ""{DeviceName}"".","El iPod se llama ""{0}"".",sí,
device-list-view-model.se-detuvo-busqueda-actualizaciones,StatusMessage,studio/windows/AuraStudio.App/ViewModels/DeviceListViewModel.cs,155,Se detuvo la búsqueda de actualizaciones.,Se detuvo la búsqueda de actualizaciones.,no,
extras-page.animaciones-graficos,XAML,studio/windows/AuraStudio.App/Views/ExtrasPage.xaml,129,Animaciones y gráficos,Animaciones y gráficos,no,
extras-page.cronometro-bloqueo-pantalla,XAML,studio/windows/AuraStudio.App/Views/ExtrasPage.xaml,158,Cronómetro y bloqueo de pantalla,Cronómetro y bloqueo de pantalla,no,
extras-page.disponible-dispositivo,XAML,studio/windows/AuraStudio.App/Views/ExtrasPage.xaml,108,Disponible en el dispositivo,Disponible en el dispositivo,no,
extras-page.extras,XAML,studio/windows/AuraStudio.App/Views/ExtrasPage.xaml,20,Extras,Extras,no,
extras-page.firmware,XAML,studio/windows/AuraStudio.App/Views/ExtrasPage.xaml,31,Firmware,Firmware,no,
extras-page.juegos,XAML,studio/windows/AuraStudio.App/Views/ExtrasPage.xaml,148,Juegos,Juegos,no,
extras-page.licencias,XAML,studio/windows/AuraStudio.App/Views/ExtrasPage.xaml,170,Licencias,Licencias,no,
extras-page.lo-firmware-ofrece-mas-alla-biblioteca,XAML,studio/windows/AuraStudio.App/Views/ExtrasPage.xaml,21,Lo que el firmware ofrece más allá de la biblioteca,Lo que el firmware ofrece más allá de la biblioteca,no,
extras-page.revisar-nuevo,XAML,studio/windows/AuraStudio.App/Views/ExtrasPage.xaml,86,Revisar de nuevo,Revisar de nuevo,no,
extras-page.software-libre-incluido,XAML,studio/windows/AuraStudio.App/Views/ExtrasPage.xaml,176,Software libre incluido,Software libre incluido,no,
extras-page.temas,XAML,studio/windows/AuraStudio.App/Views/ExtrasPage.xaml,116,Temas,Temas,no,
extras-page.todavia,XAML,studio/windows/AuraStudio.App/Views/ExtrasPage.xaml,140,Todavía no,Todavía no,no,
installer-page.cancelar,XAML,studio/windows/AuraStudio.App/Views/InstallerPage.xaml,401,Cancelar,Cancelar,no,
library-status-strip.detener,XAML,studio/windows/AuraStudio.App/Controls/LibraryStatusStrip.xaml,43,Detener,Detener,no,
library-view-model.buscando-fotos-artista,StatusMessage,studio/windows/AuraStudio.App/ViewModels/LibraryViewModel.cs,564,Buscando fotos de artista…,Buscando fotos de artista…,no,
library-view-model.buscando-letra,StatusMessage,studio/windows/AuraStudio.App/ViewModels/LibraryViewModel.cs,2122,Buscando letra…,Buscando letra…,no,
library-view-model.buscando-posters-video,StatusMessage,studio/windows/AuraStudio.App/ViewModels/LibraryViewModel.cs,543,Buscando pósters de video…,Buscando pósters de video…,no,
library-view-model.completando-targets-count-elemento-s,StatusMessage,studio/windows/AuraStudio.App/ViewModels/LibraryViewModel.cs,314,Completando {targets.Count} elemento(s)…,Completando {0} elemento(s)…,sí,
library-view-model.hay-nada-completar-todo-tiene-titulo,StatusMessage,studio/windows/AuraStudio.App/ViewModels/LibraryViewModel.cs,309,"No hay nada que completar: todo tiene título, artista y álbum.","No hay nada que completar: todo tiene título, artista y álbum.",no,
library-view-model.se-detuvo-busqueda-fotos,StatusMessage,studio/windows/AuraStudio.App/ViewModels/LibraryViewModel.cs,577,Se detuvo la búsqueda de fotos.,Se detuvo la búsqueda de fotos.,no,
library-view-model.se-detuvo-busqueda-letra,StatusMessage,studio/windows/AuraStudio.App/ViewModels/LibraryViewModel.cs,2136,Se detuvo la búsqueda de letra.,Se detuvo la búsqueda de letra.,no,
library-view-model.se-detuvo-busqueda-linea,StatusMessage,studio/windows/AuraStudio.App/ViewModels/LibraryViewModel.cs,327,Se detuvo la búsqueda en línea.,Se detuvo la búsqueda en línea.,no,
library-view-model.se-detuvo-busqueda-posters,StatusMessage,studio/windows/AuraStudio.App/ViewModels/LibraryViewModel.cs,556,Se detuvo la búsqueda de pósters.,Se detuvo la búsqueda de pósters.,no,
library-view-model.se-detuvo-normalizacion-caratulas-lo-fal,StatusMessage,studio/windows/AuraStudio.App/ViewModels/LibraryViewModel.cs,1055,Se detuvo la normalización de carátulas. Lo que falte sigue la próxima vez.,Se detuvo la normalización de carátulas. Lo que falte sigue la próxima vez.,no,
library-view-model.se-pudo-leer-ninguna-etiqueta-archivos,StatusMessage,studio/windows/AuraStudio.App/ViewModels/LibraryViewModel.cs,2105,No se pudo leer ninguna etiqueta: los archivos no están disponibles.,No se pudo leer ninguna etiqueta: los archivos no están disponibles.,no,
main-window.aura-studio,XAML,studio/windows/AuraStudio.App/MainWindow.xaml,6,Aura Studio,Aura Studio,no,
media-grid-page.buscar-posters,XAML,studio/windows/AuraStudio.App/Views/MediaGridPage.xaml,36,Buscar pósters,Buscar pósters,no,
media-grid-page.xaml.cancelar,ContentDialog,studio/windows/AuraStudio.App/Views/MediaGridPage.xaml.cs,941,Cancelar,Cancelar,no,
media-grid-page.xaml.guardar,ContentDialog,studio/windows/AuraStudio.App/Views/MediaGridPage.xaml.cs,940,Guardar,Guardar,no,
media-grid-page.xaml.renombrar-album,ContentDialog,studio/windows/AuraStudio.App/Views/MediaGridPage.xaml.cs,938,Renombrar álbum,Renombrar álbum,no,
media-info-dialog.cancelar,ContentDialog,studio/windows/AuraStudio.App/Views/MediaInfoDialog.cs,49,Cancelar,Cancelar,no,
media-info-dialog.guardar,ContentDialog,studio/windows/AuraStudio.App/Views/MediaInfoDialog.cs,48,Guardar,Guardar,no,
media-info-dialog.mas-informacion,ContentDialog,studio/windows/AuraStudio.App/Views/MediaInfoDialog.cs,47,Más información,Más información,no,
playlists-page.crea-nueva-o-importa-archivo-m3u,XAML,studio/windows/AuraStudio.App/Views/PlaylistsPage.xaml,64,"Crea una nueva, o importa un archivo .m3u/.m3u8 de otro programa. Las canciones que no estén en tu biblioteca se cuentan aparte, no se pierden en silencio.","Crea una nueva, o importa un archivo .m3u/.m3u8 de otro programa. Las canciones que no estén en tu biblioteca se cuentan aparte, no se pierden en silencio.",no,
playlists-page.eliminar,XAML,studio/windows/AuraStudio.App/Views/PlaylistsPage.xaml,53,Eliminar,Eliminar,no,
playlists-page.exportar,XAML,studio/windows/AuraStudio.App/Views/PlaylistsPage.xaml,52,Exportar,Exportar,no,
playlists-page.importar-m3u,XAML,studio/windows/AuraStudio.App/Views/PlaylistsPage.xaml,27,Importar M3U…,Importar M3U…,no,
playlists-page.listas-armadas-con-canciones-biblioteca,XAML,studio/windows/AuraStudio.App/Views/PlaylistsPage.xaml,21,Listas armadas con canciones de tu biblioteca. Se copian al iPod al sincronizar.,Listas armadas con canciones de tu biblioteca. Se copian al iPod al sincronizar.,no,
playlists-page.nueva-lista,XAML,studio/windows/AuraStudio.App/Views/PlaylistsPage.xaml,26,Nueva lista,Nueva lista,no,
playlists-page.renombrar,XAML,studio/windows/AuraStudio.App/Views/PlaylistsPage.xaml,51,Renombrar,Renombrar,no,
playlists-page.todavia-tienes-listas,XAML,studio/windows/AuraStudio.App/Views/PlaylistsPage.xaml,62,Todavía no tienes listas.,Todavía no tienes listas.,no,
playlists-page.xaml.aceptar,ContentDialog,studio/windows/AuraStudio.App/Views/PlaylistsPage.xaml.cs,90,Aceptar,Aceptar,no,
playlists-page.xaml.cancelar,ContentDialog,studio/windows/AuraStudio.App/Views/PlaylistsPage.xaml.cs,91,Cancelar,Cancelar,no,
settings-page.abrir-explorador,XAML,studio/windows/AuraStudio.App/Views/SettingsPage.xaml,129,Abrir en el Explorador,Abrir en el Explorador,no,
settings-page.activos-sin-configurar-nada,XAML,studio/windows/AuraStudio.App/Views/SettingsPage.xaml,383,"Activos, sin configurar nada","Activos, sin configurar nada",no,
settings-page.agregar,XAML,studio/windows/AuraStudio.App/Views/SettingsPage.xaml,299,Agregar,Agregar,no,
settings-page.agregar-2,XAML,studio/windows/AuraStudio.App/Views/SettingsPage.xaml,353,Agregar,Agregar,no,
settings-page.agrupar-colaboraciones-bajo-artista-prin,XAML,studio/windows/AuraStudio.App/Views/SettingsPage.xaml,286,Agrupar las colaboraciones bajo el artista principal,Agrupar las colaboraciones bajo el artista principal,no,
settings-page.al-importar,XAML,studio/windows/AuraStudio.App/Views/SettingsPage.xaml,238,Al importar,Al importar,no,
settings-page.apagado-aura-studio-toca-red-al,XAML,studio/windows/AuraStudio.App/Views/SettingsPage.xaml,241,"Apagado, Aura Studio no toca la red al importar: usa solo las etiquetas del archivo y lo que se pueda adivinar de su nombre.","Apagado, Aura Studio no toca la red al importar: usa solo las etiquetas del archivo y lo que se pueda adivinar de su nombre.",no,
settings-page.aqui-vive-catalogo-biblioteca-funciona-a,XAML,studio/windows/AuraStudio.App/Views/SettingsPage.xaml,120,"Aquí vive el catálogo de tu biblioteca: funciona aunque el iPod no esté conectado, y se sincroniza al conectarlo. Que además se copien tus archivos aquí depende del ajuste de abajo.","Aquí vive el catálogo de tu biblioteca: funciona aunque el iPod no esté conectado, y se sincroniza al conectarlo. Que además se copien tus archivos aquí depende del ajuste de abajo.",no,
settings-page.archivos-huerfanos,XAML,studio/windows/AuraStudio.App/Views/SettingsPage.xaml,171,Archivos huérfanos,Archivos huérfanos,no,
settings-page.artista-album-recomendado,XAML,studio/windows/AuraStudio.App/Views/SettingsPage.xaml,253,Artista / Álbum (recomendado),Artista / Álbum (recomendado),no,
settings-page.biblioteca,XAML,studio/windows/AuraStudio.App/Views/SettingsPage.xaml,26,Biblioteca,Biblioteca,no,
settings-page.buscar-actualizaciones,XAML,studio/windows/AuraStudio.App/Views/SettingsPage.xaml,100,Buscar actualizaciones,Buscar actualizaciones,no,
settings-page.buscar-letras-sincronizadas,XAML,studio/windows/AuraStudio.App/Views/SettingsPage.xaml,243,Buscar letras sincronizadas,Buscar letras sincronizadas,no,
settings-page.buscarlo-nuevo,XAML,studio/windows/AuraStudio.App/Views/SettingsPage.xaml,376,Buscarlo de nuevo,Buscarlo de nuevo,no,
settings-page.calidad-audio,XAML,studio/windows/AuraStudio.App/Views/SettingsPage.xaml,275,Calidad de audio,Calidad de audio,no,
settings-page.calidad-imagen,XAML,studio/windows/AuraStudio.App/Views/SettingsPage.xaml,325,Calidad de imagen,Calidad de imagen,no,
settings-page.cambiar,XAML,studio/windows/AuraStudio.App/Views/SettingsPage.xaml,131,Cambiar…,Cambiar…,no,
settings-page.cambiar-carpeta-mueve-nada,XAML,studio/windows/AuraStudio.App/Views/SettingsPage.xaml,137,Cambiar de carpeta no mueve nada,Cambiar de carpeta no mueve nada,no,
settings-page.caratula-alternativa-1000-1000-sin-clave,XAML,studio/windows/AuraStudio.App/Views/SettingsPage.xaml,425,"Carátula alternativa de 1000×1000, sin clave. Es la única fuente cuyos términos permiten explícitamente este uso no comercial.","Carátula alternativa de 1000×1000, sin clave. Es la única fuente cuyos términos permiten explícitamente este uso no comercial.",no,
settings-page.caratula-por-album-recomendado,XAML,studio/windows/AuraStudio.App/Views/SettingsPage.xaml,229,Una carátula por álbum (recomendado),Una carátula por álbum (recomendado),no,
settings-page.caratula-por-cancion,XAML,studio/windows/AuraStudio.App/Views/SettingsPage.xaml,232,Una carátula por canción,Una carátula por canción,no,
settings-page.caratulas,XAML,studio/windows/AuraStudio.App/Views/SettingsPage.xaml,228,Carátulas,Carátulas,no,
settings-page.carpeta-biblioteca,XAML,studio/windows/AuraStudio.App/Views/SettingsPage.xaml,118,Carpeta de la biblioteca,Carpeta de la biblioteca,no,
settings-page.carpetas-externas-arrastraste-con-copia,XAML,studio/windows/AuraStudio.App/Views/SettingsPage.xaml,205,"Carpetas externas que arrastraste con la copia apagada. Aura no copia nada de ahí, solo las recuerda. Quitar una de esta lista no borra ni desvincula lo que ya importaste desde ella: solo deja de mostrarla.","Carpetas externas que arrastraste con la copia apagada. Aura no copia nada de ahí, solo las recuerda. Quitar una de esta lista no borra ni desvincula lo que ya importaste desde ella: solo deja de mostrarla.",no,
settings-page.carpetas-ipod,XAML,studio/windows/AuraStudio.App/Views/SettingsPage.xaml,252,Carpetas en el iPod,Carpetas en el iPod,no,
settings-page.carpetas-vinculadas,XAML,studio/windows/AuraStudio.App/Views/SettingsPage.xaml,203,Carpetas vinculadas,Carpetas vinculadas,no,
settings-page.claves-tokens,XAML,studio/windows/AuraStudio.App/Views/SettingsPage.xaml,428,Claves y tokens,Claves y tokens,no,
settings-page.colaboraciones,XAML,studio/windows/AuraStudio.App/Views/SettingsPage.xaml,285,Colaboraciones,Colaboraciones,no,
settings-page.colecciones,XAML,studio/windows/AuraStudio.App/Views/SettingsPage.xaml,339,Colecciones,Colecciones,no,
settings-page.completar-informacion-faltante-con-servi,XAML,studio/windows/AuraStudio.App/Views/SettingsPage.xaml,239,Completar la información faltante con servicios en línea,Completar la información faltante con servicios en línea,no,
settings-page.comprimir-mp3-buena-calidad,XAML,studio/windows/AuraStudio.App/Views/SettingsPage.xaml,278,Comprimir a MP3 de buena calidad,Comprimir a MP3 de buena calidad,no,
settings-page.conversion-hace-ffmpeg-se-instala-aparte,XAML,studio/windows/AuraStudio.App/Views/SettingsPage.xaml,371,"La conversión la hace ffmpeg, que se instala aparte porque tiene su propia licencia y su propio ritmo de actualizaciones. Se busca solo; solo hace falta elegirlo si lo tienes en una carpeta propia.","La conversión la hace ffmpeg, que se instala aparte porque tiene su propia licencia y su propio ritmo de actualizaciones. Se busca solo; solo hace falta elegirlo si lo tienes en una carpeta propia.",no,
settings-page.copiar-medios-carpeta-biblioteca,XAML,studio/windows/AuraStudio.App/Views/SettingsPage.xaml,156,Copiar los medios a la carpeta de la biblioteca,Copiar los medios a la carpeta de la biblioteca,no,
settings-page.cuando-cancion-le-falta-caratula-se,XAML,studio/windows/AuraStudio.App/Views/SettingsPage.xaml,389,"Cuando a una canción le falta carátula, se prueban estos servicios en orden y se usa la primera imagen que aparezca.","Cuando a una canción le falta carátula, se prueban estos servicios en orden y se usa la primera imagen que aparezca.",no,
settings-page.deezer,XAML,studio/windows/AuraStudio.App/Views/SettingsPage.xaml,423,Deezer,Deezer,no,
settings-page.elegir-ffmpeg-exe,XAML,studio/windows/AuraStudio.App/Views/SettingsPage.xaml,375,Elegir ffmpeg.exe…,Elegir ffmpeg.exe…,no,
settings-page.excepciones,XAML,studio/windows/AuraStudio.App/Views/SettingsPage.xaml,291,Excepciones,Excepciones,no,
settings-page.ffmpeg,XAML,studio/windows/AuraStudio.App/Views/SettingsPage.xaml,370,ffmpeg,ffmpeg,no,
settings-page.formato-video,XAML,studio/windows/AuraStudio.App/Views/SettingsPage.xaml,366,Formato de video,Formato de video,no,
settings-page.fotos,XAML,studio/windows/AuraStudio.App/Views/SettingsPage.xaml,28,Fotos,Fotos,no,
settings-page.general,XAML,studio/windows/AuraStudio.App/Views/SettingsPage.xaml,25,General,General,no,
settings-page.idioma,XAML,studio/windows/AuraStudio.App/Views/SettingsPage.xaml,62,Idioma,Idioma,no,
settings-page.letras-vienen-lrclib-sin-clave-ni,XAML,studio/windows/AuraStudio.App/Views/SettingsPage.xaml,246,"Las letras vienen de LRCLIB, sin clave ni registro. Necesita la opción de arriba encendida.","Las letras vienen de LRCLIB, sin clave ni registro. Necesita la opción de arriba encendida.",no,
settings-page.listo,XAML,studio/windows/AuraStudio.App/Views/SettingsPage.xaml,406,Listo,Listo,no,
settings-page.mantener-formato-original-recomendado,XAML,studio/windows/AuraStudio.App/Views/SettingsPage.xaml,276,Mantener el formato original (recomendado),Mantener el formato original (recomendado),no,
settings-page.migrar-biblioteca,XAML,studio/windows/AuraStudio.App/Views/SettingsPage.xaml,200,Migrar biblioteca,Migrar biblioteca,no,
settings-page.migrar-version-anterior,XAML,studio/windows/AuraStudio.App/Views/SettingsPage.xaml,195,Migrar de una versión anterior,Migrar de una versión anterior,no,
settings-page.musica,XAML,studio/windows/AuraStudio.App/Views/SettingsPage.xaml,27,Música,Música,no,
settings-page.musicbrainz-artista-album-ano-numero-pis,XAML,studio/windows/AuraStudio.App/Views/SettingsPage.xaml,384,"MusicBrainz (artista, álbum, año, número de pista), Cover Art Archive (carátulas) y LRCLIB (letras sincronizadas). Los tres funcionan sin clave y sin registro: Aura Studio sirve recién instalado.","MusicBrainz (artista, álbum, año, número de pista), Cover Art Archive (carátulas) y LRCLIB (letras sincronizadas). Los tres funcionan sin clave y sin registro: Aura Studio sirve recién instalado.",no,
settings-page.nombre-archivo,XAML,studio/windows/AuraStudio.App/Views/SettingsPage.xaml,262,Nombre del archivo,Nombre del archivo,no,
settings-page.nombre-completo-grupo,XAML,studio/windows/AuraStudio.App/Views/SettingsPage.xaml,297,Nombre completo del grupo,Nombre completo del grupo,no,
settings-page.nombres-grupo-llevan-uno-esos-separadore,XAML,studio/windows/AuraStudio.App/Views/SettingsPage.xaml,292,"Nombres de grupo que llevan uno de esos separadores adentro y no hay que recortar, como &quot;Simon + Garfunkel&quot; o &quot;Café con Leche&quot;. Se comparan con el crédito completo, sin distinguir mayúsculas ni acentos.","Nombres de grupo que llevan uno de esos separadores adentro y no hay que recortar, como &quot;Simon + Garfunkel&quot; o &quot;Café con Leche&quot;. Se comparan con el crédito completo, sin distinguir mayúsculas ni acentos.",no,
settings-page.nueva-coleccion,XAML,studio/windows/AuraStudio.App/Views/SettingsPage.xaml,352,Nueva colección,Nueva colección,no,
settings-page.numero-pista-titulo,XAML,studio/windows/AuraStudio.App/Views/SettingsPage.xaml,265,Número de pista y título,Número de pista y título,no,
settings-page.optimizar-espacio-320-px-recomendado,XAML,studio/windows/AuraStudio.App/Views/SettingsPage.xaml,326,"Optimizar espacio (320 px, recomendado)","Optimizar espacio (320 px, recomendado)",no,
settings-page.orden-busqueda-caratula,XAML,studio/windows/AuraStudio.App/Views/SettingsPage.xaml,387,Orden de búsqueda de carátula,Orden de búsqueda de carátula,no,
settings-page.organizar-por-categoria-dentro-bibliotec,XAML,studio/windows/AuraStudio.App/Views/SettingsPage.xaml,361,Organizar por categoría dentro de la biblioteca,Organizar por categoría dentro de la biblioteca,no,
settings-page.organizar-por-coleccion-dentro-bibliotec,XAML,studio/windows/AuraStudio.App/Views/SettingsPage.xaml,333,Organizar por colección dentro de la biblioteca,Organizar por colección dentro de la biblioteca,no,
settings-page.pantalla-ipod-es-320-240-foto,XAML,studio/windows/AuraStudio.App/Views/SettingsPage.xaml,330,"La pantalla del iPod es de 320×240: una foto de una cámara o un teléfono actual pesa decenas de veces más de lo que esa pantalla puede mostrar. En los dos casos se guarda como JPEG, nunca la foto original completa.","La pantalla del iPod es de 320×240: una foto de una cámara o un teléfono actual pesa decenas de veces más de lo que esa pantalla puede mostrar. En los dos casos se guarda como JPEG, nunca la foto original completa.",no,
settings-page.quitar,XAML,studio/windows/AuraStudio.App/Views/SettingsPage.xaml,220,Quitar,Quitar,no,
settings-page.quitar-2,XAML,studio/windows/AuraStudio.App/Views/SettingsPage.xaml,314,Quitar,Quitar,no,
settings-page.quitar-3,XAML,studio/windows/AuraStudio.App/Views/SettingsPage.xaml,345,Quitar,Quitar,no,
settings-page.quitar-coleccion-cambia-coleccion-fotos,XAML,studio/windows/AuraStudio.App/Views/SettingsPage.xaml,355,Quitar una colección no cambia la colección de las fotos que ya la tenían asignada.,Quitar una colección no cambia la colección de las fotos que ya la tenían asignada.,no,
settings-page.se-guardan-administrador-credenciales-wi,XAML,studio/windows/AuraStudio.App/Views/SettingsPage.xaml,429,"Se guardan en el Administrador de credenciales de Windows, cifradas con tu cuenta. Nunca en un archivo de la app ni en el repositorio; puedes verlas y borrarlas desde Windows sin pasar por aquí.","Se guardan en el Administrador de credenciales de Windows, cifradas con tu cuenta. Nunca en un archivo de la app ni en el repositorio; puedes verlas y borrarlas desde Windows sin pasar por aquí.",no,
settings-page.separa-tus-fotos-colecciones-para-encont,XAML,studio/windows/AuraStudio.App/Views/SettingsPage.xaml,336,"Separa tus fotos en colecciones para encontrarlas más fácil DENTRO de Aura Studio. No cambia dónde quedan en el iPod: ahí siempre se copian juntas en Photos, porque el visor del iPod todavía no navega por subcarpetas.","Separa tus fotos en colecciones para encontrarlas más fácil DENTRO de Aura Studio. No cambia dónde quedan en el iPod: ahí siempre se copian juntas en Photos, porque el visor del iPod todavía no navega por subcarpetas.",no,
settings-page.separa-tus-videos-videos-series-pelicula,XAML,studio/windows/AuraStudio.App/Views/SettingsPage.xaml,363,"Separa tus videos en Videos, Series y Películas para encontrarlos más fácil DENTRO de Aura Studio. No cambia dónde quedan en el iPod: ahí siempre se copian juntos en Videos, porque el reproductor todavía no navega por subcarpetas.","Separa tus videos en Videos, Series y Películas para encontrarlos más fácil DENTRO de Aura Studio. No cambia dónde quedan en el iPod: ahí siempre se copian juntos en Videos, porque el reproductor todavía no navega por subcarpetas.",no,
settings-page.servicios,XAML,studio/windows/AuraStudio.App/Views/SettingsPage.xaml,30,Servicios,Servicios,no,
settings-page.solo-album,XAML,studio/windows/AuraStudio.App/Views/SettingsPage.xaml,255,Solo álbum,Solo álbum,no,
settings-page.solo-artista,XAML,studio/windows/AuraStudio.App/Views/SettingsPage.xaml,257,Solo artista,Solo artista,no,
settings-page.solo-titulo-recomendado,XAML,studio/windows/AuraStudio.App/Views/SettingsPage.xaml,263,Solo el título (recomendado),Solo el título (recomendado),no,
settings-page.texto,XAML,studio/windows/AuraStudio.App/Views/SettingsPage.xaml,409,↑,↑,no,
settings-page.texto-2,XAML,studio/windows/AuraStudio.App/Views/SettingsPage.xaml,413,↓,↓,no,
settings-page.titulo-album,XAML,studio/windows/AuraStudio.App/Views/SettingsPage.xaml,269,Título - Álbum,Título - Álbum,no,
settings-page.titulo-artista,XAML,studio/windows/AuraStudio.App/Views/SettingsPage.xaml,267,Título - Artista,Título - Artista,no,
settings-page.todavia-agregaste-ninguna-excepcion,XAML,studio/windows/AuraStudio.App/Views/SettingsPage.xaml,303,Todavía no agregaste ninguna excepción.,Todavía no agregaste ninguna excepción.,no,
settings-page.todavia-vinculaste-ninguna-carpeta,XAML,studio/windows/AuraStudio.App/Views/SettingsPage.xaml,208,Todavía no vinculaste ninguna carpeta.,Todavía no vinculaste ninguna carpeta.,no,
settings-page.todo-video-se-convierte-mpeg-1,XAML,studio/windows/AuraStudio.App/Views/SettingsPage.xaml,367,"Todo video se convierte a MPEG-1/2 de 320×240 al sincronizar: es el único formato que el iPod con Aura reproduce a velocidad completa (su chip de 2007 no decodifica H.264 ni formatos modernos). No es una preferencia, es una limitación real del hardware, así que aquí no hay nada que elegir.","Todo video se convierte a MPEG-1/2 de 320×240 al sincronizar: es el único formato que el iPod con Aura reproduce a velocidad completa (su chip de 2007 no decodifica H.264 ni formatos modernos). No es una preferencia, es una limitación real del hardware, así que aquí no hay nada que elegir.",no,
settings-page.version-hd-640-px,XAML,studio/windows/AuraStudio.App/Views/SettingsPage.xaml,328,Versión HD (640 px),Versión HD (640 px),no,
settings-page.video,XAML,studio/windows/AuraStudio.App/Views/SettingsPage.xaml,29,Video,Video,no,
settings-page.wav-aiff-siempre-se-convierten,XAML,studio/windows/AuraStudio.App/Views/SettingsPage.xaml,168,WAV y AIFF siempre se convierten,WAV y AIFF siempre se convierten,no,
shell-page.actualizacion-aura-studio,XAML,studio/windows/AuraStudio.App/Views/ShellPage.xaml,163,Actualización de Aura Studio,Actualización de Aura Studio,no,
shell-page.descargar,XAML,studio/windows/AuraStudio.App/Views/ShellPage.xaml,167,Descargar,Descargar,no,
shell-page.esta-biblioteca-viene-version-anterior,XAML,studio/windows/AuraStudio.App/Views/ShellPage.xaml,190,Esta biblioteca viene de una versión anterior,Esta biblioteca viene de una versión anterior,no,
shell-page.migrar-biblioteca,XAML,studio/windows/AuraStudio.App/Views/ShellPage.xaml,193,Migrar biblioteca,Migrar biblioteca,no,
shell-page.ver-hay-nuevo,XAML,studio/windows/AuraStudio.App/Views/ShellPage.xaml,174,Ver qué hay de nuevo,Ver qué hay de nuevo,no,
similar-items-page.aura-studio-busca-canciones-fotos-videos,XAML,studio/windows/AuraStudio.App/Views/SimilarItemsPage.xaml,19,"Aura Studio busca canciones, fotos y videos que parezcan repetidos. No borra ni cambia nada por su cuenta: aquí ves por qué los juntó y decides tú.","Aura Studio busca canciones, fotos y videos que parezcan repetidos. No borra ni cambia nada por su cuenta: aquí ves por qué los juntó y decides tú.",no,
similar-items-page.buscar,XAML,studio/windows/AuraStudio.App/Views/SimilarItemsPage.xaml,22,Buscar,Buscar,no,
similar-items-page.conservar-solo-este,XAML,studio/windows/AuraStudio.App/Views/SimilarItemsPage.xaml,69,Conservar solo este,Conservar solo este,no,
similar-items-page.elementos-parecidos,XAML,studio/windows/AuraStudio.App/Views/SimilarItemsPage.xaml,17,Elementos parecidos,Elementos parecidos,no,
similar-items-page.son-lo-mismo,XAML,studio/windows/AuraStudio.App/Views/SimilarItemsPage.xaml,84,No son lo mismo,No son lo mismo,no,
similar-items-page.unificar-metadata,XAML,studio/windows/AuraStudio.App/Views/SimilarItemsPage.xaml,81,Unificar la metadata,Unificar la metadata,no,
similar-items-page.volver-mostrar-descartados,XAML,studio/windows/AuraStudio.App/Views/SimilarItemsPage.xaml,99,Volver a mostrar los descartados,Volver a mostrar los descartados,no,
songs-page.completar-linea,XAML,studio/windows/AuraStudio.App/Views/SongsPage.xaml,60,Completar en línea,Completar en línea,no,
songs-page.elementos-parecidos,XAML,studio/windows/AuraStudio.App/Views/SongsPage.xaml,57,Elementos parecidos,Elementos parecidos,no,
songs-page.xaml.cambiar-nombre,ContentDialog,studio/windows/AuraStudio.App/Views/SongsPage.xaml.cs,541,Cambiar nombre,Cambiar nombre,no,
songs-page.xaml.cancelar,ContentDialog,studio/windows/AuraStudio.App/Views/SongsPage.xaml.cs,557,Cancelar,Cancelar,no,
songs-page.xaml.guardar,ContentDialog,studio/windows/AuraStudio.App/Views/SongsPage.xaml.cs,556,Guardar,Guardar,no,
sync-view-model.conecta-selecciona-ipod-antes-continuar,StatusMessage,studio/windows/AuraStudio.App/ViewModels/SyncViewModel.cs,332,Conecta y selecciona un iPod antes de continuar.,Conecta y selecciona un iPod antes de continuar.,no,
sync-view-model.este-ipod-esta-ejecutando-aura-instala,StatusMessage,studio/windows/AuraStudio.App/ViewModels/SyncViewModel.cs,338,Este iPod no está ejecutando Aura. Instala Aura antes de sincronizar.,Este iPod no está ejecutando Aura. Instala Aura antes de sincronizar.,no,
sync-view-model.revisa-cambios-antes-sincronizar,StatusMessage,studio/windows/AuraStudio.App/ViewModels/SyncViewModel.cs,63,Revisa los cambios antes de sincronizar.,Revisa los cambios antes de sincronizar.,no,
sync-view-model.revision-cancelada,StatusMessage,studio/windows/AuraStudio.App/ViewModels/SyncViewModel.cs,128,Revisión cancelada.,Revisión cancelada.,no,
sync-view-model.sincronizacion-cancelada,StatusMessage,studio/windows/AuraStudio.App/ViewModels/SyncViewModel.cs,161,Sincronización cancelada.,Sincronización cancelada.,no,
themes-page.activar,XAML,studio/windows/AuraStudio.App/Views/ThemesPage.xaml,54,Activar,Activar,no,
themes-page.aura-studio-arma-paquete-desde-carpeta,XAML,studio/windows/AuraStudio.App/Views/ThemesPage.xaml,73,Aura Studio arma el paquete desde una carpeta de assets ya generados con el design-system del firmware (fuentes .fnt y máscaras de íconos). No convierte fuentes ni íconos de tu computadora.,Aura Studio arma el paquete desde una carpeta de assets ya generados con el design-system del firmware (fuentes .fnt y máscaras de íconos). No convierte fuentes ni íconos de tu computadora.,no,
themes-page.autor,XAML,studio/windows/AuraStudio.App/Views/ThemesPage.xaml,83,Autor,Autor,no,
themes-page.cambia-como-se-ve-aura-ipod,XAML,studio/windows/AuraStudio.App/Views/ThemesPage.xaml,17,Cambia cómo se ve Aura en tu iPod,Cambia cómo se ve Aura en tu iPod,no,
themes-page.compartir,XAML,studio/windows/AuraStudio.App/Views/ThemesPage.xaml,56,Compartir…,Compartir…,no,
themes-page.construir-e-instalar,XAML,studio/windows/AuraStudio.App/Views/ThemesPage.xaml,93,Construir e instalar,Construir e instalar,no,
themes-page.construir-tema,XAML,studio/windows/AuraStudio.App/Views/ThemesPage.xaml,72,Construir un tema,Construir un tema,no,
themes-page.elegir-carpeta,XAML,studio/windows/AuraStudio.App/Views/ThemesPage.xaml,77,Elegir carpeta…,Elegir carpeta…,no,
themes-page.eliminar,XAML,studio/windows/AuraStudio.App/Views/ThemesPage.xaml,58,Eliminar,Eliminar,no,
themes-page.marcalo-si-tema-usa-fuentes-o,XAML,studio/windows/AuraStudio.App/Views/ThemesPage.xaml,87,"Márcalo si el tema usa fuentes o íconos que no puedes redistribuir, como SF Pro o SF Symbols. El tema se instala igual en tu iPod, pero Aura Studio no te va a dejar compartirlo.","Márcalo si el tema usa fuentes o íconos que no puedes redistribuir, como SF Pro o SF Symbols. El tema se instala igual en tu iPod, pero Aura Studio no te va a dejar compartirlo.",no,
themes-page.nombre,XAML,studio/windows/AuraStudio.App/Views/ThemesPage.xaml,82,Nombre,Nombre,no,
themes-page.temas,XAML,studio/windows/AuraStudio.App/Views/ThemesPage.xaml,16,Temas,Temas,no,
themes-page.usa-material-licencia-restringida-solo-p,XAML,studio/windows/AuraStudio.App/Views/ThemesPage.xaml,85,Usa material de licencia restringida (solo para mi uso personal),Usa material de licencia restringida (solo para mi uso personal),no,
themes-page.xaml.cancelar,ContentDialog,studio/windows/AuraStudio.App/Views/ThemesPage.xaml.cs,59,Cancelar,Cancelar,no,
themes-page.xaml.quitar,ContentDialog,studio/windows/AuraStudio.App/Views/ThemesPage.xaml.cs,58,Quitar,Quitar,no,
themes-page.xaml.quitar-row-name-ipod,ContentDialog,studio/windows/AuraStudio.App/Views/ThemesPage.xaml.cs,54,"¿Quitar ""{row.Name}"" del iPod?","¿Quitar ""{0}"" del iPod?",sí,
themes-view-model.row-name-se-va-aplicar-proxima,StatusMessage,studio/windows/AuraStudio.App/ViewModels/ThemesViewModel.cs,177,"""{row.Name}"" se va a aplicar la próxima vez que enciendas el iPod.","""{0}"" se va a aplicar la próxima vez que enciendas el iPod.",sí,
themes-view-model.se-guardo-copia-path,StatusMessage,studio/windows/AuraStudio.App/ViewModels/ThemesViewModel.cs,212,Se guardó la copia en {path},Se guardó la copia en {0},sí,
themes-view-model.se-instalo-installed-name-activalo-para,StatusMessage,studio/windows/AuraStudio.App/ViewModels/ThemesViewModel.cs,240,"Se instaló ""{installed.Name}"". Actívalo para verlo en el iPod.","Se instaló ""{0}"". Actívalo para verlo en el iPod.",sí,
themes-view-model.se-quito-row-name-ipod,StatusMessage,studio/windows/AuraStudio.App/ViewModels/ThemesViewModel.cs,194,"Se quitó ""{row.Name}"" del iPod.","Se quitó ""{0}"" del iPod.",sí,
library-status-summary.cultura-fija,CulturaFija,studio/windows/AuraStudio.Core/Library/LibraryStatusSummary.cs,69,es-MX,es-MX,no,"cultura fija (es-MX) -- tiene que volverse la cultura activa (CultureInfo.CurrentCulture o el selector de idioma), no un valor fijo"
media-table-row.cultura-fija,CulturaFija,studio/windows/AuraStudio.Core/Library/MediaTableRow.cs,47,es-MX,es-MX,no,"cultura fija (es-MX) -- tiene que volverse la cultura activa (CultureInfo.CurrentCulture o el selector de idioma), no un valor fijo"
media-table-row.cultura-fija-2,CulturaFija,studio/windows/AuraStudio.Core/Library/MediaTableRow.cs,53,es-MX,es-MX,no,"cultura fija (es-MX) -- tiene que volverse la cultura activa (CultureInfo.CurrentCulture o el selector de idioma), no un valor fijo"
media-table-row.formato-fecha-fijo,CulturaFija,studio/windows/AuraStudio.Core/Library/MediaTableRow.cs,115,d 'de' MMMM 'de' yyyy,d 'de' MMMM 'de' yyyy,no,"formato con gramática fija -- las palabras entre comillas simples son literales del patrón, no las traduce .NET solo; necesita reescribirse (formato estándar ""D""/""d"" o uno por cultura), no solo confirmarse"
